x,y,z,scalar_value
277,91,50.88,0
241,22.083025,110,0
13.221661,60.990696,97.999,0
52.999996,385,63.727,0
229,153,99.634,0
98.938942,166.710815,96.558,0
193.506622,31,52,0
212.99234,236.96373,53.934,0
130.92762,138.457687,81.975,0
145.06311,231.697067,55.546,0
16.995057,60.976593,33.092,0
32.987003,77.288437,31.995,0
84.93335,130.214508,73.977,0
58.965199,120.835167,46.127,0
114.924088,94.049194,77.973,0
144.959885,68.111019,41.986,0
285,53,45.768,0
144.964035,52.829639,39.89,0
245,45,109.8259,0
211,51,91.323,0
4.998296,60.991928,65.31,0
299,63,48.145,0
136.955887,48.7911,39.989,0
72.96376,167.505646,43.987,0
303,125,62.946,0
133.786072,303.925659,78.116,0
138.398544,66.759579,79.982,0
104.919746,89.767616,69.972,0
279.429504,163,50,0
82.938942,118.7108,47.598,0
160.953171,179.590652,47.984,0
217,98.410698,80,0
94.926727,91.070412,47.974,0
100.947914,252.753357,95.105,0
267,85.976151,84,0
112.945976,32.74411,94.663,0
63.887806,72.771873,37.983,0
223,180.143311,52,0
30.980804,46.909081,35.242,0
61,366.976776,58,0
148.971375,40.864426,38.801,0
218.453735,5,50,0
151.01683,233.966476,43.745,0
268.831573,121,98,0
202.983337,240.921066,54.157,0
156.97702,48.891197,42.114,0
28.335806,80.93045,63.995,0
66.999954,376.999786,60.323,0
75.190872,32.646189,67.974,0
104.965752,359.764526,89.988,0
70.214539,64.72617,85.98,0
252.56929,49,96,0
184.992416,87.481415,71.997,0
283,87.569084,66,0
252.088379,157.923553,97.515,0
281,201,45.234,0
253,48.380882,74,0
150.898132,290.399078,88.009,0
16.297666,84.986389,87.999,0
12.997524,66.988274,91.188,0
136.956482,80.793846,98.234,0
221.451416,181.091599,83.428,0
200.983551,230.922089,53.099,0
22.988695,72.946465,65.944,0
148.973267,32.873411,38.08,0
146.946213,162.745224,43.098,0
92.943558,20.732658,97.293,0
237,5,45.057,0
297,29,44.783,0
263,61,84.011,0
211,53.26223,80,0
110.933189,89.725967,91.977,0
30.997921,154.990158,39.157,0
107.8591,132.661087,89.975,0
300.418121,93,54,0
222.992355,300.963776,49.449,0
140.417358,66.779537,83.984,0
44.989258,154.949112,41.319,0
196.999252,98.996513,96.546,0
122.932671,54.207203,57.976,0
157.01857,92.85836,93.989,0
98.928154,7.548177,41.975,0
281.177917,85,70,0
40.966408,10.840896,26.814,0
232.594055,55,76,0
207.53537,45,108,0
283,85,43.47,0
210.999146,164.995972,99.694,0
301,181,41.61,0
70.935555,27.307667,37.977,0
46.965008,50.834259,35.667,0
186.932327,376.679443,101.3592,0
70.934433,30.689468,81.3,0
40.988392,128.94503,38.438,0
188.776703,60.99028,53.999,0
164.989456,20.950037,42.941,0
58.984322,169.74324,107.9945,0
102.92881,91.957237,87.975,0
50.987171,172.93924,97.694,0
148.966049,96.731422,31.988,0
78.949509,174.645493,67.982,0
24.063925,209,86,0
60.946835,38.748192,36.801,0
197.617538,21,56,0
55.97047,16.734254,39.98,0
154.958588,102.609322,79.985,0
12.991512,6.9598,25.039,0
209,116.999977,48.45,0
293,345,33.933,0
174.692673,184.849304,45.989,0
52.167294,18.740329,45.981,0
114.942657,53.187515,31.98,0
303,106.672127,82,0
291,173,54.877,0
236.940353,23,68,0
245,31.06835,42,0
189.167587,110.967506,85.998,0
173.028397,232.705505,53.769,0
250.984573,190.396576,68.035,0
297.205048,99,80,0
62.966934,164.028671,77.988,0
182.987335,130.940025,96.517,0
142.95491,386.786469,46.965,0
136.823898,150.656479,75.975,0
289,385,45.285,0
221,61,77.956,0
63.7948,66.728256,51.98,0
184.370773,108.949242,53.996,0
158.970367,88.19558,87.99,0
225.98468,133.357697,77.738,0
114.942604,28.449234,33.98,0
289,92.031967,56,0
174.978607,132.898666,94.231,0
289,401,40.737,0
176.971008,153.913055,79.99,0
235,17.407278,98,0
213.894287,29,84,0
174.99408,36.971977,45.163,0
50.970448,92.860023,38.335,0
37.739956,6.796276,51.985,0
293,73,47.005,0
72.946579,128.731316,77.981,0
154.963745,106.009689,41.987,0
191.445007,68.993435,82,0
192.95369,312.78067,101.44,0
241,41,82.777,0
264.519043,345,92,0
36.972775,24.871052,28.682,0
237,81,85.141,0
72.099014,60.673676,61.976,0
138.957916,103.671654,29.985,0
44.973862,74.876198,34.952,0
176.988022,78.943283,54.223,0
115.626022,140.637817,83.973,0
39,377,58.692,0
164.121521,132.843719,93.988,0
241.683395,217.000015,48,0
124.941879,52.463661,41.98,0
275,199,66.957,0
112.93927,84.712379,96.953,0
10.057555,62.982597,67.999,0
116.945724,28.74295,90.637,0
237.335922,137,56,0
11,135,40.667,0
118.181114,30.734537,87.98,0
104.491272,10.657377,47.975,0
204.999405,138.997086,102.402,0
76.929375,32.665504,43.151,0
221.566193,57,116,0
297,198.662125,46,0
12.182063,68.995464,100,0
6.999141,66.995934,37.126,0
92.987267,374.939697,59.943,0
26.971642,6.164564,43.99,0
221,81,90.543,0
44.966034,46.839123,35.723,0
223.320404,93,44,0
192.951675,358.182526,55.983,0
215,91,85.536,0
168.959518,158.281937,75.986,0
142.945343,94.741142,75.643,0
137.137619,298.129517,84.071,0
189.554413,112.970406,89.998,0
116.971077,396.863007,56.658,0
194.38324,70.998688,92,0
34.961353,10.155962,65.986,0
114.930199,38.669392,51.567,0
224.985641,372.931976,47.273,0
18.99149,44.959698,32.583,0
106.945877,20.743645,95.544,0
287,13,46.414,0
120.931381,54.108974,55.976,0
164.988098,26.943632,44.804,0
300.636505,187,96,0
193,29,41.132,0
66.941296,84.721954,64.639,0
65.360538,58.724003,45.98,0
6.998346,60.700386,81.999,0
126.953255,6.778592,39.229,0
237,107,69.751,0
188.999344,47.458382,44,0
264.441681,121,90,0
297,128.23111,84,0
4.999869,60.999378,26.208,0
211,52.161228,106,0
78.9683,246.849869,81.04,0
249,230.829453,46,0
8.756375,403,80,0
44.982452,112.916885,36.21,0
251.667526,45,100,0
215,79,90.753,0
254.196899,118.999992,48,0
301,123.765732,86,0
58.953896,58.781639,36.798,0
251,61,94.192,0
53.85228,20.721032,63.979,0
122.925652,95.678574,61.974,0
264.677765,79,54,0
44.969143,56.853848,34.986,0
184.997528,56.243004,43.999,0
94.945808,28.743324,99.79,0
63.302982,80.760727,45.982,0
232.614029,95,90,0
73.99176,36.648193,59.974,0
279,87.727173,60,0
201,29.409357,66,0
183.669891,118.932343,63.995,0
60.961697,127.073128,81.987,0
121.923912,164.674637,45.976,0
112.933777,48.68634,41.058,0
197.931274,98.997856,98,0
31.842581,84.921547,53.994,0
158.988281,7.731824,35.996,0
118.946777,30.747936,32.522,0
132.302414,56.724155,69.98,0
239.000015,41,123.0968,0
301,347,35.346,0
90.934875,96.691551,40.405,0
217,57.820477,104,0
76.972092,214.867813,44.091,0
213.176285,99,66,0
82.932732,22.681381,86.443,0
13,143,42.578,0
165.156784,4.970176,33.998,0
136.962372,16.821781,39.48,0
84.952156,157.627808,99.983,0
203.267578,49,58,0
166.97879,73.129913,57.993,0
122.933121,130.683228,43.56,0
72.41864,338.982697,55.999,0
204.987915,226.942688,52.779,0
195.509933,25,54,0
152.96608,86.839348,91.71,0
106.923134,90.540276,51.973,0
273,33,42.216,0
6.999054,54.995518,93.579,0
253.504715,183.025482,92.348,0
283,155.513199,50,0
245.693466,23,102,0
184.747147,80.968605,57.998,0
88.943367,28.731764,97.778,0
227.300034,97,42,0
38.971603,40.163261,33.99,0
118.95105,68.768162,102.9897,0
54.975529,160.809784,61.991,0
187,9,38.898,0
249,197,44.208,0
235.524231,31,82,0
166.990906,32.956911,36.047,0
69.921783,88.711052,65.979,0
180.977356,166.892776,47.667,0
110.942047,52.725513,95.519,0
64.946098,85.173073,51.981,0
174.986435,81.895668,81.995,0
8.998686,50.993778,25.66,0
235,51.094131,122,0
110.938728,271.298553,89.978,0
8.994865,16.975677,27.445,0
277,302.119446,58,0
148.055099,66.798069,61.985,0
18.249644,80.978653,85.998,0
78.943756,129.531517,85.98,0
283,321,50.659,0
144.954544,63.552116,59.984,0
58.945755,15.586864,85.981,0
130.931175,108.674019,77.84,0
50.992786,172.965836,112.8946,0
51,379,61.471,0
128.945847,90.743523,96.253,0
70.349785,58.698044,77.978,0
230.999985,229,49.074,0
297.561432,117,92,0
116.726433,36.689701,45.977,0
60.94891,76.758026,50.478,0
293,199.900558,78,0
16.99461,56.974476,32.651,0
50.967392,78.845558,37.158,0
269.160583,323,52,0
182.97731,180.892548,46.619,0
134.945068,52.73983,62.056,0
92.986595,370.936523,59.494,0
293,339,31.558,0
130.95192,92.77227,30.753,0
180.999664,6.998385,36.354,0
170.924789,329.872803,87.974,0
120.773621,116.63308,73.973,0
263,118.750755,92,0
23,206.999985,79.602,0
10.996165,40.981838,30.714,0
150.942932,164.753418,51.98,0
62.658085,80.743271,57.981,0
120.926125,94.934753,55.974,0
206.445114,41,106,0
178.039078,86.948524,45.996,0
118.941948,332.1185,73.983,0
147.749725,66.797165,59.985,0
202.991028,196.664963,51.997,0
204.965607,324.837036,104.8095,0
174.969543,178.855728,46.061,0
57.874424,160.87027,79.99,0
261.727081,173.71814,96.627,0
237,103,84.824,0
28.997133,136.986435,38.28,0
132.95591,36.791157,36.671,0
187.79216,60.987034,65.999,0
54.959633,62.808792,35.956,0
100.932823,120.681847,42.378,0
255,33,42.383,0
295,147,50.325,0
138.266617,56.755718,57.982,0
253,47,94.631,0
281,39,44.82,0
26.996006,118.981071,38.661,0
79.174339,268.873993,79.991,0
108.935577,152.694885,98.704,0
154.973389,56.873981,41.85,0
217,45,79.628,0
220.106461,180.396469,88.624,0
33.037136,8.830733,69.987,0
191.730591,58.996689,82,0
18.986863,10.937779,27.409,0
43,401,63.995,0
6.996091,22.491055,29.999,0
269,41,58.974,0
211,65,97.971,0
48.948177,18.684145,71.982,0
50.953941,16.781847,32.443,0
126.934082,144.316071,43.977,0
245,21,38.603,0
64.980762,209.178238,47.993,0
303,209,50.052,0
6.996671,30.984232,32.285,0
285,59,46.366,0
251,68.481789,74,0
212.265411,35,82,0
146.288101,388.680664,69.976,0
52.999996,369,58.854,0
15.305698,76.987938,91.999,0
30.976231,10.887424,26.868,0
287,149,51.34,0
26.988918,92.94751,60.951,0
66.540371,58.736469,39.98,0
174.23671,196.830887,47.987,0
148.938049,194.706558,50.902,0
48.967274,66.845001,35.525,0
281,35,44.655,0
198.392456,47,54,0
58.990337,201.860001,111.9966,0
32.993311,120.968315,36.545,0
72.32341,290.953278,51.997,0
293,137,47.461,0
243.116531,178.120102,94.092,0
226.752365,85,90,0
208.991394,224.959259,52.589,0
62.140629,76.739777,59.981,0
267,53,67.866,0
66.94088,32.719994,36.16,0
279,113,104.8564,0
249,79.672356,76,0
5.894849,66.99379,50,0
80.931923,12.677568,84.836,0
39,386.392548,62,0
291,133.309677,52,0
128.929016,136.663803,52.345,0
223,76.341446,92,0
196.999985,50.562946,76,0
158.461914,76.851799,75.989,0
210.999954,122.482246,62,0
84.998047,402.02652,51.999,0
44.26963,148.925797,59.994,0
68.935005,64.692162,59.787,0
257,197,38.141,0
130.944305,58.181423,45.98,0
8.999873,92.999397,92.446,0
18.995567,99.584854,63.998,0
10.998863,96.994621,70.816,0
140.968079,10.848795,39.641,0
67.459213,104.775627,43.983,0
80.959801,184.809616,44.391,0
146.94223,156.726379,92.67,0
94.96489,274.83371,51.255,0
170.985321,76.063629,43.995,0
245,23,92.931,0
242.70015,37,88,0
249,77,73.044,0
71.660446,40.700775,83.978,0
301,338.483276,32,0
137.773026,122.702293,51.978,0
237.187881,139.498032,64.417,0
186.19519,86.979538,91.998,0
138.930923,161.74147,55.976,0
35.852713,184.993027,101.9995,0
203,18.188426,66,0
136.903793,114.752014,37.982,0
112.944672,76.737946,100.8536,0
297.796265,197,90,0
175.093628,16.989031,33.999,0
232.591827,182.830887,81.366,0
263,195.74472,60,0
124.924423,112.642044,65.178,0
61.88649,112.814552,43.986,0
267.37677,161.242615,95.218,0
294.373199,193,42,0
96.975662,134.713364,97.979,0
237,15,50.285,0
150.967667,68.150318,39.989,0
218.236435,240.972687,59.998,0
206.999893,125.916824,98,0
191.151443,68.994892,88,0
142.961166,82.816063,97.859,0
257,101,97.546,0
96.930252,86.669655,88.49,0
40.958942,13.897984,77.986,0
52.955879,42.791054,36.612,0
182.976761,186.889938,45.537,0
54.955086,48.787247,37.124,0
102.941185,56.72142,97.576,0
251,148.051025,64,0
126.949165,82.759216,99.343,0
148.975082,24.881994,37.485,0
174.937988,319.699493,105.9782,0
148.939438,188.159058,49.979,0
70.928848,36.662996,54.01,0
283,109.49192,102,0
227,121,48.782,0
209,5.979411,48,0
225,63,82.21,0
116.166641,30.676046,53.976,0
190.998764,102.994141,108.4943,0
235,69,69.397,0
152.917587,204.728973,51.084,0
212.987442,262.940521,58.353,0
42.989182,142.948761,39.366,0
191,25,39.586,0
162.982452,52.916927,41.933,0
64.937626,24.704573,80.319,0
132.953171,62.778217,93.182,0
50.962421,56.822006,35.611,0
211.106354,304.883698,65.991,0
80.935448,42.694267,35.079,0
98.94548,20.741783,98.004,0
192.999039,72.212662,46,0
237.538818,57,114,0
186.991852,108.961388,50.815,0
130.272942,98.672729,71.976,0
122.983162,92.689491,87.977,0
28.61879,74.92511,55.994,0
14.996612,72.19812,87.999,0
203,50.467823,78,0
218.980881,57,70,0
45.703491,136.915787,85.994,0
190.999969,36.999836,41.448,0
170.97348,134.874329,93.152,0
164.970215,124.858894,94.266,0
12.999151,84.943901,96,0
256.370392,148.608246,94.757,0
56.940697,20.249606,73.979,0
62.945812,10.74335,90.25,0
116.2873,20.690305,49.977,0
58.963131,128.046463,77.987,0
71.727028,62.686722,73.977,0
114.934807,28.495609,77.977,0
297,92.718666,58,0
201,73,94.174,0
249,187,42.828,0
301,12.984505,44,0
94.992081,400.962494,55.018,0
144.955902,65.444298,51.985,0
253,109,95.107,0
283,167.784348,72,0
74.944344,100.736404,43.723,0
15,215,40.126,0
24.983952,22.923994,28.19,0
303,132.447037,46,0
112.938286,11.367247,39.978,0
44.980804,131.075203,81.993,0
140.936264,206.698074,46.605,0
10.999335,106.607933,64,0
78.98336,284.921204,51.824,0
72.818832,36.722345,31.979,0
174.982742,112.918266,92.761,0
92.931381,86.674995,88.439,0
194.697418,27,46,0
244.994324,358.196228,81.998,0
118.944618,36.737696,34.282,0
191,17,39.369,0
44.975353,84.883263,36.949,0
88.93924,62.712204,95.348,0
267.149841,172.301056,97.395,0
204.999756,128.998764,101.66,0
180.989304,111.693466,95.996,0
94.929367,89.254158,43.975,0
115.935974,20.702182,43.978,0
127.158516,16.774578,37.983,0
166.992172,31.845919,31.997,0
72.936729,4.70033,87.166,0
253,75,48.546,0
42.990555,177.808762,65.997,0
62.955299,116.788292,56.855,0
73.222458,48.659721,59.975,0
241,80.714027,84,0
48.975403,130.883499,76.964,0
197.776367,19,48,0
68.995956,332.980408,67.504,0
130.403702,56.736923,81.98,0
68.950951,92.767677,39.563,0
140.935944,160.69664,50.41,0
100.941933,238.566498,87.98,0
270.502228,339,68,0
203,51.3997,86,0
5,93.481499,88,0
180.973572,160.071548,75.991,0
133.907394,234.345871,88.218,0
168.985931,84.933342,98.814,0
122.931877,226.677353,51.471,0
104.942192,40.306854,95.98,0
186.933716,360.686035,97.121,0
235,227.000015,47.068,0
58.936852,22.046228,67.978,0
257,217.000015,43.283,0
263,59.365608,80,0
291,132.309181,72,0
263,101,97.41,0
128.938797,176.053192,39.978,0
246.009186,67.000004,82,0
221,153,101.5599,0
258.999969,390.999878,47.531,0
124.951569,74.770615,101.3251,0
114.886383,231.722275,82.052,0
64.240162,26.717098,37.979,0
213,125,52.228,0
44.988682,150.946396,40.736,0
281,25,44.905,0
245,30.058075,56,0
126.92794,99.491463,61.975,0
62.96946,142.855362,96.263,0
262.338867,125,60,0
106.928291,21.879637,73.975,0
275,88.399139,88,0
261,191.81778,72,0
90.93277,20.68159,87.211,0
119.552773,154.623703,77.972,0
102.932983,92.682587,38.689,0
242.999405,314.789978,54,0
4.999177,64.996101,42.625,0
70.968216,170.849457,41.65,0
110.924194,48.509926,59.973,0
233,20.704068,112,0
116.927368,54.527149,59.974,0
24.992184,74.962975,33.165,0
96.932426,112.67997,43.157,0
256.658234,142.537888,91.085,0
273,37,41.709,0
237,47,123.6771,0
291.147858,355,40,0
148.9664,64.840839,39.453,0
195.721588,76.996262,80,0
191.602188,122.966827,51.998,0
186.989243,122.506981,53.996,0
104.961258,337.771667,71.986,0
251,73,87.285,0
240.177979,61,78,0
8.999862,107.955597,52,0
76.939392,30.712938,30.707,0
174.948471,248.022949,59.982,0
261.571381,182.520615,96.154,0
141.674942,112.719238,55.979,0
184.987625,138.94136,97.18,0
200.996475,156.983307,101.6814,0
199,25,60.887,0
42.984879,114.928375,35.75,0
69.480164,50.696136,77.977,0
247.629852,201,42,0
128.924988,133.624435,75.974,0
106.924332,172.641617,79.293,0
45.081367,16.785975,77.984,0
108.927414,15.428217,61.975,0
55.719074,22.727451,45.98,0
114.927025,49.311646,67.974,0
136.799225,108.771889,33.983,0
265.337738,403,46,0
100.941109,64.721088,98.497,0
96.933899,96.686913,39.092,0
12.995953,68.41243,47.999,0
80.961792,219.280014,57.987,0
225.731613,11,56,0
119.600502,168.618134,69.972,0
164.989716,26.951303,37.936,0
92.932678,75.051987,89.976,0
134.020279,180.698547,43.978,0
160.967926,114.848114,93.071,0
62.976002,202.886322,70.905,0
269,385,47.912,0
120.269714,32.719584,81.979,0
122.946281,39.341644,35.981,0
140.960052,76.810768,96.885,0
76.943962,58.734585,94.584,0
28.970209,5.468995,75.99,0
246.986328,33,64,0
164.978745,83.717361,89.993,0
124.932938,202.682373,46.965,0
74.813843,48.659004,69.975,0
291,29,45.07,0
114.932449,228.680054,55.908,0
197.387405,84.994896,66,0
114.941689,6.723821,38.411,0
70.932098,56.678394,56.264,0
188.998795,89.594635,105.9996,0
285,118.999992,103.2668,0
44.992188,170.743576,99.997,0
247.739838,159.549347,98.386,0
40.970062,44.858212,35.212,0
205.000015,50.064995,74,0
140.96524,26.835365,38.812,0
219.391953,130.969139,78.64,0
293,33,45.271,0
69.821915,66.689098,63.977,0
176.990356,82.833672,91.997,0
221,91.065125,86,0
162.221054,76.868362,69.99,0
257,69,90.951,0
82.712036,32.680817,35.976,0
120.946228,16.021182,37.981,0
252.441315,140.747589,87.205,0
291.681732,95,82,0
14.99403,66.029728,71.998,0
72.988876,284.947327,50.783,0
103.72068,12.642707,63.973,0
233,37,122.6577,0
104.939156,74.711777,97.292,0
275,193,55.516,0
230.999985,17.889213,100,0
120.280312,44.69558,77.977,0
265,39,58.86,0
98.949844,258.762436,92.04,0
237,27,86.699,0
182.992416,84.536453,81.997,0
12.99734,60.9874,93.018,0
80.935349,122.693802,63.285,0
62.942612,17.044786,85.98,0
291,134.59758,62,0
114.952217,341.050018,99.983,0
66.955814,90.732292,57.98,0
160.934204,389.581085,59.977,0
166.980942,72.431877,47.993,0
213,129.383881,92,0
30.993132,112.967468,37.448,0
147.313019,80.8321,95.988,0
195.36322,21,42,0
239.000015,87,91.739,0
205.587845,43,102,0
88.930908,18.672746,85.053,0
89.291245,360.92572,73.994,0
243.562363,103,90,0
32.987059,84.938705,35.976,0
261,93,96.672,0
125.735519,370.741302,97.981,0
196.994965,125.331398,71.998,0
257,69,73.194,0
259,194.104767,64,0
192.997772,96.989471,42.433,0
111.470184,42.645718,63.974,0
293,43,46.189,0
188.278137,56.991821,49.999,0
86.965096,271.52243,71.988,0
23,197.776062,68,0
163.618408,156.792465,55.985,0
126.148811,126.638748,63.973,0
84.930679,12.67166,84.184,0
33.842466,112.960266,35.997,0
242.997559,332.988403,107.2067,0
120.222687,138.62149,67.972,0
112.929359,30.665432,70.237,0
97.06002,87.953331,39.868,0
148.953781,94.303391,79.984,0
142.954575,92.784882,92.632,0
142.808716,287.116699,76.196,0
46.961987,22.819946,29.067,0
168.975845,114.885582,91.717,0
92.935646,20.447676,89.977,0
295,131.813217,58,0
105.093712,360.836853,83.988,0
46.962181,34.820873,33.314,0
22.999779,152.998947,39.224,0
299,21,45.393,0
235,28.529335,118,0
137.277023,120.705666,85.978,0
156.982193,30.915684,37.317,0
253,52.168629,80,0
280.063171,331,48,0
72.999275,382.996582,61.065,0
25.518965,106.974777,41.998,0
30.988203,74.944122,31.847,0
267,105,98.339,0
269.055847,83,52,0
59,401,65.026,0
136.94487,95.225891,87.981,0
182.930771,374.672089,103.0066,0
51.863876,156.894119,65.992,0
36.987518,102.94088,35.578,0
34.965158,8.834981,38.752,0
213.719406,41,84,0
54.970543,112.860458,40.081,0
227,27,116.7413,0
50.947712,19.006405,75.982,0
191.617981,154.958649,101.9969,0
249,192.196838,64,0
190.991043,123.667351,69.997,0
230.999985,64.729198,104,0
236.994049,336.971832,107.7841,0
5.470971,50.998226,24,0
118.943352,40.731689,35.282,0
122.928947,96.996681,51.975,0
130.930275,103.297455,69.976,0
54.722511,222.950012,61.996,0
261,242.643417,58,0
297,175,54.548,0
102.336098,138.711594,99.979,0
166.973099,120.87262,93.707,0
86.931137,125.199799,59.976,0
289,41,46.372,0
126.833916,234.340851,88.16,0
176.994308,44.973007,45.597,0
229,61.019344,110,0
172.988586,94.94593,102.2907,0
281,164.571289,58,0
114.932053,93.464897,41.976,0
154.922928,300.633911,94.072,0
116.935516,30.69459,45.892,0
255,132.373299,50,0
259,149,59.615,0
176.991913,72.961678,39.485,0
36.982197,72.91568,32.906,0
73.075653,92.717926,49.979,0
287,161,47.11,0
280.631348,45,44,0
162.951553,161.702866,77.983,0
283,195,96.982,0
47,401,64.543,0
213,103,39.509,0
72.94371,54.733406,91.802,0
192.36145,90.984116,57.999,0
92.929276,16.665026,82.618,0
299,129.000008,78.775,0
189.50676,60.991276,73.999,0
215,131.616402,92,0
98.924835,130.643982,78.887,0
124.017097,48.71756,81.979,0
186.50238,66.981163,67.999,0
245,29,46.584,0
104.936035,18.025939,85.978,0
6.579969,155,42,0
210.979965,362.90509,40.511,0
71.761215,76.705307,77.978,0
229,117,46.945,0
166.993774,18.970533,31.674,0
170.979858,87.637863,73.993,0
146.974686,12.880075,38.868,0
192.993835,121.402061,83.998,0
174.941544,268.271088,91.979,0
182.987686,125.202049,93.996,0
56.994522,230.97406,38.479,0
8.997973,45.906914,27.999,0
40.955803,10.888916,45.984,0
97.539948,130.655746,53.974,0
116.397766,136.62088,73.972,0
132.860939,274.612274,58.133,0
96.940796,18.361629,93.979,0
71.042778,66.692757,73.977,0
61.981449,30.707552,45.978,0
139.218857,62.779282,43.984,0
6.999639,56.641457,100,0
14.995717,69.561775,41.998,0
130.927467,156.656479,54.516,0
272.573914,61,54,0
172.988525,74.195694,39.996,0
187.579102,106.958023,67.997,0
233,56.947983,118,0
93.431755,128.665504,53.975,0
70.941887,90.724739,50.352,0
237.817245,33,86,0
172.96933,154.104324,51.989,0
275.054291,179,46,0
277,371,45.467,0
120.924736,95.506599,71.974,0
15.50591,64.986198,95.999,0
74.954285,168.067978,81.984,0
213,9.554077,60,0
273,127.432388,96,0
176.997253,23.186943,39.999,0
164.981735,68.913517,41.309,0
181.547897,112.927917,65.995,0
72.93425,28.688597,83.023,0
5.270011,89,104,0
281,198.451141,66,0
88.939644,58.714146,95.67,0
152.980057,22.905533,36.402,0
258.455765,51,74,0
142.965302,38.835663,38.474,0
168.981628,82.459106,85.994,0
84.93689,123.666611,49.978,0
6.99976,95.574173,76,0
235,107.897202,56,0
279,27,44.367,0
56.951149,40.768627,36.818,0
116.104477,40.690647,43.977,0
70.943405,56.731953,89.519,0
289,103,95.309,0
56.949749,30.762001,35.178,0
172.991882,42.961533,45.453,0
188.258301,58.991104,49.999,0
152.980408,20.907189,36.428,0
116.917274,273.973022,64.021,0
269,132.954697,68,0
70.932159,32.67869,44.494,0
154.958893,106.920647,83.986,0
6.99993,104.576233,56,0
4.998507,61.546566,71.999,0
271,85,44.794,0
8.998211,63.856091,85.999,0
100.927544,128.29747,85.975,0
142.939056,154.711334,92.271,0
193.459488,52.998573,76,0
84.928787,6.662719,81.618,0
66.951504,80.770302,37.259,0
112.503632,42.654808,53.974,0
65.391453,32.680935,53.976,0
67.965443,56.700882,49.978,0
115.892075,36.736868,91.98,0
76.935295,84.461716,79.977,0
38.999077,230.995636,63.368,0
271.838043,365,48,0
285,90.562386,80,0
22.99918,137.114151,38,0
138.938339,108.707985,56.925,0
78.939362,38.712811,31.193,0
200.769455,162.500076,98.136,0
178.929733,362.949615,101.9753,0
172.966324,154.840515,60.785,0
297,65,48.29,0
112.051796,26.665367,69.975,0
138.959778,42.809521,39.028,0
144.964172,100.830338,29.131,0
118.920319,161.99649,77.972,0
279,81,43.357,0
100.936028,17.888081,87.978,0
74.940712,72.7799,87.979,0
251,278.204987,70,0
235,19,81.706,0
257,78.283829,42,0
8.999834,66.999218,103.7052,0
249,144.033401,58,0
279.610138,163,88,0
265,68.523212,42,0
253,27,40.525,0
208.999725,146.998734,102.3325,0
178.992798,83.24501,95.997,0
108.927208,90.146309,45.974,0
279,165,91.543,0
70.109138,52.719585,85.979,0
276.124359,49,58,0
5.38937,62.991924,59.999,0
114.937157,24.702354,41.654,0
134.9319,122.677444,58.097,0
64.948315,64.755203,38.599,0
74.137886,46.655922,65.974,0
92.943687,42.733295,99.15,0
132.951385,50.239407,39.983,0
204.100998,43,64,0
186.994598,80.974442,63.019,0
252.187683,31,98,0
116.564034,52.662403,53.975,0
239.000015,35,121.1562,0
268.661072,57,44,0
291,166.384933,66,0
217,50.364086,72,0
150.398087,96.831673,35.988,0
117.729134,36.688795,75.977,0
200.997528,124.147392,57.999,0
257,65.362846,82,0
102.925316,133.326157,53.974,0
126.93808,53.480843,73.978,0
159.266998,106.857521,95.989,0
143.484207,134.728043,89.98,0
64.948959,66.758266,38.408,0
211.938187,177.969238,72.409,0
295,367,40.776,0
84.927261,96.886284,69.974,0
50.978554,138.898422,90.133,0
196.724411,33,58,0
257,71,40.578,0
273,53,42.326,0
211,7.87283,56,0
264.07019,150.709,93.409,0
184.999954,10.999819,37.659,0
248.257278,45,74,0
114.931053,112.673431,43.148,0
135.94548,243.25058,93.096,0
12.997066,68.01339,37.999,0
247,65,92.819,0
259,119.246056,82,0
221,49,121.7895,0
18.594795,76.972694,81.998,0
74.935982,14.696771,87.055,0
116.930794,178.672211,47.974,0
303,355.687775,36,0
58.961826,126.819191,62.353,0
275,75,43.323,0
152.920853,343.638916,91.972,0
239.000015,71.647987,70,0
227,163,99.294,0
253,35.501614,60,0
146.956757,68.795174,74.771,0
124.938698,94.709671,40.169,0
214.186584,29,90,0
108.764267,16.657213,65.975,0
204.999542,122.053398,92,0
48.67646,152.905777,67.993,0
7,77.240494,110,0
283,181,52.394,0
252.999008,400.99527,45.614,0
66.941292,15.335136,87.979,0
241,93,95.746,0
295.775787,195,70,0
271,101,97.701,0
110.781921,42.729012,29.98,0
208.435104,39,76,0
108.921318,132.259277,77.972,0
248.996735,364.348022,69.999,0
255,89,93.802,0
144.946121,142.744843,95.776,0
80.929222,6.664767,81.529,0
202.99086,366.773407,67.983,0
255,79.013046,74,0
104.922073,132.630882,59.608,0
20.996593,107.48201,45.999,0
273,87,85.831,0
112.74884,32.658291,65.975,0
180.962921,222.829941,52.845,0
189.955368,108.979317,95.998,0
176.379501,24.987373,35.999,0
48.975513,131.118233,57.991,0
234.918137,21,70,0
68.951481,114.770203,47.854,0
188.997253,68.986977,56.349,0
166.95961,160.847855,87.986,0
230.999985,31.658331,120,0
196.999802,98.9991,105.1917,0
269,23,43.405,0
116.931679,106.676422,43.06,0
144.965958,44.838772,39.212,0
12.997256,67.231106,35.999,0
110.942734,40.042747,93.98,0
51.596691,150.897552,83.992,0
120.93045,54.073227,63.976,0
170.984283,75.834412,47.994,0
11,123,37.648,0
154.975021,48.881691,41.761,0
32.986294,95.864281,45.995,0
259,84.265877,82,0
67.828556,70.702934,65.978,0
42.955097,10.903457,41.984,0
150.964478,73.396721,85.988,0
124.94767,56.75214,93.078,0
212.95755,375.986816,79.985,0
124.95121,28.144163,33.983,0
154.921555,202.730713,52.683,0
224.232101,191,50,0
108.924698,93.652199,81.974,0
12.998894,105.705238,56,0
189.107269,98.976852,87.998,0
122.945992,84.744179,99.107,0
229,63,68.933,0
68.0942,252.918213,65.994,0
116.949867,72.762543,103.4668,0
20.98646,18.93587,28.368,0
48.955578,7.905117,87.984,0
6.997927,65.018234,55.999,0
206.520767,368.781647,71.984,0
205.000015,8.224376,50,0
251,99,97.844,0
32.999989,230.999939,61.365,0
265,38.35527,52,0
176.988144,82.114258,81.996,0
142.960098,106.810989,30.917,0
72.120995,78.694977,71.977,0
6.999827,100.999176,68.998,0
167.700317,40.944527,43.996,0
126.955238,378.354492,57.984,0
200.999084,124.995697,100.6484,0
186.981384,163.625824,55.993,0
60.939663,23.368214,41.979,0
190.997009,80.985809,57.302,0
182.070953,154.903473,91.993,0
25.99633,82.943008,67.996,0
185.303391,114.946091,79.996,0
104.939949,50.71553,95.296,0
32.967596,4.846528,36.058,0
104.94455,252.737335,96.443,0
184.988419,110.777367,71.996,0
168.964111,166.830017,48.065,0
230.999985,17.662823,70,0
102.926392,19.846038,73.974,0
82.937576,80.704346,90.222,0
112.930733,150.671921,94.33,0
78.939636,75.805817,89.979,0
215,89.786201,52,0
22.988867,70.327919,51.996,0
157.952301,234.048889,61.22,0
150.966583,76.841728,91.624,0
224.996658,246.984146,66.985,0
193,15,42.045,0
76.93412,90.687973,75.034,0
90.929039,12.663888,82.21,0
203,11.789251,56,0
30.987038,70.938606,32.829,0
265,141,50.003,0
64.964855,167.209747,65.988,0
10.38727,74.998802,101.9999,0
44.99279,170.965866,38.756,0
24.988932,74.397232,45.996,0
249,125,48.193,0
257,195.437714,56,0
18.00667,68.964771,73.997,0
233.201019,136.407898,62.387,0
265,45,41.403,0
30.979637,32.903555,30.504,0
190.232727,90.982056,83.999,0
123.907196,164.627441,61.972,0
12.995115,66.277458,55.998,0
289,361,42.613,0
108.929344,92.665337,88.345,0
153.297516,226.394104,43.36,0
221,15.168213,74,0
80.937325,84.703163,87.89,0
178.99736,26.987455,44.473,0
276.770142,55,58,0
279,85,74.17,0
302.911072,173,70,0
200.999908,85.395447,48,0
283,136.132492,66,0
199,61,96.141,0
162.957993,168.801117,46.693,0
180.316376,86.97464,101.9981,0
116.10421,46.665569,71.975,0
271,5.699956,46,0
89.339088,356.924713,69.994,0
16.999999,169,36.97,0
52.99276,204.965729,106.3393,0
235,61.267338,82,0
223,127.798363,56,0
72.242302,8.71523,89.979,0
80.944069,52.735081,97.017,0
258.33725,73,52,0
180.113327,24.991314,41.999,0
301,164.896072,46,0
96.9403,50.717228,96.768,0
50.972641,98.87043,37.206,0
164.705582,164.774475,73.983,0
229,19.415023,88,0
241,133,51.344,0
94.948875,135.577576,105.982,0
178.994781,54.975193,42.794,0
82.942413,40.727264,96.277,0
86.935699,98.695457,42.365,0
208.981247,172.868805,58.008,0
64.943722,38.73344,36.295,0
235.807816,21,60,0
283,179,38.439,0
90.936668,177.734299,71.978,0
263,152.09816,60,0
209.462219,35,108,0
285,395,44.592,0
26.984734,46.927696,34.741,0
237,31.387255,76,0
202.990341,202.954285,51.093,0
102.925812,5.166985,51.974,0
20.990663,72.514587,71.997,0
190.996368,84.98278,65.43,0
192.124924,92.983109,77.999,0
267,83,74.148,0
124.934044,54.232212,63.977,0
70.940552,70.718437,83.317,0
241.731537,21,44,0
28.525427,6.864546,39.99,0
71.500938,68.723331,85.979,0
140.964264,32.83073,38.439,0
204.977264,296.892242,50.448,0
293,174.142776,88,0
154.965729,68.355949,69.988,0
39.175949,8.78808,55.984,0
64.992058,252.962387,41.504,0
143.077652,114.777473,37.983,0
30.982357,54.916439,35.989,0
20.395989,86.968102,71.998,0
269.147278,73,64,0
84.942696,175.803207,69.98,0
154.084091,100.808838,49.986,0
110.939331,19.716679,85.979,0
74.421013,50.727936,91.98,0
122.94075,90.719368,94.968,0
67.300362,50.717785,41.979,0
247,33,107.2615,0
144.948654,112.756783,88.588,0
196.999893,92.786713,104,0
114.779823,30.666798,57.975,0
139.564499,90.793114,33.985,0
301,194.799438,64,0
213,17.593616,76,0
273.062317,155.911835,83.966,0
182.959671,286.80896,46.781,0
277.348602,171,46,0
279,95.297546,94,0
271,201,71.225,0
253,83.33696,86,0
8.952765,72.999916,106,0
245,91,95.195,0
227,65,88.4,0
142.947906,98.753242,49.003,0
284.421204,89,44,0
170.996414,10.982943,33.778,0
120.941681,48.72377,87.511,0
207.505661,19,72,0
108.941757,47.158577,29.98,0
216.99762,212.988724,50.732,0
22.998672,126.993698,36.616,0
216.992111,246.962631,63.448,0
118.950867,367.667419,91.983,0
303,101.889786,78,0
138.263794,214.696381,45.977,0
243,26.965145,54,0
267,71,55.27,0
132.948975,56.776814,41.982,0
54.960506,66.812927,36.261,0
216.999649,178.998352,48.102,0
267,91,94.964,0
233,77,81.884,0
118.943665,34.630468,87.98,0
230.999985,100.474724,46,0
88.983818,335.486969,55.994,0
72.95507,168.44986,69.984,0
217,97,39.259,0
180.962082,212.842285,52.406,0
82.928703,98.091705,63.975,0
193,40.999996,41.499,0
54.965454,88.836365,37.797,0
232.881256,105,46,0
128.952705,64.775986,97.196,0
261.821869,167.172058,96.523,0
275,135,50.902,0
202.514008,45,58,0
184.99733,88.987358,104.9752,0
205.000015,11,63.184,0
5.466516,10.984159,23.999,0
168.992645,26.965193,38.018,0
171.95636,244.364609,76.162,0
70.931961,50.677757,52.511,0
6.999829,95.508942,80,0
14.997863,77.086479,93.999,0
301,9,42.107,0
261,147,51.002,0
132.943161,54.78793,55.98,0
257,206.999985,39.707,0
70.966393,188.84082,54.598,0
166.983444,82.737457,95.994,0
285.915283,353,44,0
84.958817,218.434479,53.986,0
160.963577,138.827469,96.67,0
61.641872,198.89621,85.992,0
211.687088,25,98,0
56.948311,12.755179,87.402,0
186.988922,142.94754,98.618,0
223,13,60.666,0
271,158.680908,74,0
190.197647,66.991714,49.999,0
279,19,45.648,0
110.923325,180.812729,63.973,0
176.992935,62.966549,40.614,0
293,191,97.359,0
84.937775,72.705261,92.149,0
80.940605,70.718681,92.919,0
33.633467,166.991272,37.999,0
152.968384,102.850235,32.848,0
182.97435,196.878494,46.744,0
178.989258,77.792656,61.996,0
62.949207,58.759422,37.883,0
153.508514,235.214401,82.357,0
28.99799,148.990494,40.253,0
22.983356,10.921167,27.574,0
34.306732,228.998978,72,0
209.787827,45,92,0
90.9244,97.33091,57.973,0
34.966152,5.808143,81.988,0
255,82.973236,80,0
253,7,43.138,0
201.712814,39,62,0
170.995407,26.978168,31.083,0
66.930187,30.470152,57.975,0
102.921463,90.997902,75.972,0
75.656326,306.947144,57.996,0
295,201,47.286,0
221,21.737556,106,0
94.942024,46.725399,98.02,0
48.380817,148.903946,73.993,0
229,101,84.204,0
7,116.885841,38,0
289,189,97.746,0
30.969011,8.241329,39.989,0
76.964653,182.832596,42.529,0
168.992798,19.891956,41.997,0
78.933563,22.685343,86.023,0
156.974091,66.877293,40.744,0
121.126862,40.72068,83.979,0
219,60.671082,98,0
239.000015,25.802204,64,0
137.814255,62.750813,73.982,0
78.931862,97.176666,65.976,0
152.560486,225.396011,73.545,0
39.67886,172.985153,105.9989,0
247,71,71.524,0
233,82.774063,88,0
289,183,96.754,0
144.954865,114.115013,37.984,0
269,63,67.28,0
88.935555,126.066597,47.977,0
275,13,45.874,0
168.000046,244.704315,83.978,0
7.682698,81,106,0
130.949799,48.762211,39.662,0
76.930756,27.240076,39.976,0
267.065643,180.704636,97.533,0
128.133614,220.675323,49.976,0
28.979595,18.903368,27.755,0
77.561432,46.727291,93.98,0
276.37796,59,60,0
283,387,46.137,0
223,41,121.6228,0
287,134.102921,56,0
118.944794,82.738525,99.63,0
160.955627,170.78981,46.579,0
192.201035,62.998466,92,0
12.993708,30.970198,30.78,0
130.937355,124.703308,43.727,0
287,67.000004,46.787,0
189.067657,64.989307,53.999,0
235.796509,19,56,0
285,193,40.655,0
60.959572,90.808525,37.982,0
186.9599,162.92485,69.27,0
134.939789,174.714813,40.955,0
253,77,72.737,0
102.252724,6.642479,63.973,0
187.791245,64.985481,69.999,0
248.999008,378.9953,45.158,0
73.937462,42.652355,61.974,0
110.924667,222.718475,65.981,0
251,23,39.484,0
296.33493,197,76,0
259,75,71.289,0
287,200.215805,74,0
205.000015,88.559532,50,0
22.986534,28.93622,29.158,0
215,141.754959,100,0
209.893723,49,110,0
295.650391,87,48,0
112.924454,92.383492,51.973,0
28.966921,4.843331,62.539,0
44.995941,176.980774,111.3127,0
261.763489,123,54,0
112.946014,20.006416,91.981,0
170.989578,50.050468,43.996,0
249,81.765495,84,0
131.977791,58.736984,79.98,0
19,399,72.63,0
255,125.383926,48,0
78.998177,402.171509,69.999,0
240.640717,67.000004,90,0
251.810165,43,92,0
10.995841,63.972321,63.999,0
134.960846,12.814578,39.582,0
68.981396,254.91188,76.719,0
58.936295,24.196299,61.978,0
192.95459,299.952087,67.984,0
253,217.000015,43.274,0
31.56971,86.923637,55.994,0
296.443207,131,48,0
19,205,36.565,0
102.945641,264.742554,89.601,0
98.932076,131.437157,45.976,0
34.981386,64.911842,34.76,0
114.934334,44.688976,42.572,0
239.000015,83.267532,88,0
100.544395,72.704735,95.978,0
14.999223,112.996323,45.926,0
58.937855,28.403465,53.978,0
281,11,47.048,0
241.384857,23,42,0
134.954178,84.782997,98.702,0
209,87,84.232,0
169.929688,246.711502,83.979,0
188.997345,108.987457,107.0094,0
42.966057,18.839239,27.468,0
160.948135,164.754333,76.455,0
186.996078,86.9814,41.288,0
226.996353,169.265457,96.658,0
239.000015,23,55.734,0
135.257278,60.742695,51.981,0
252.329529,37,98,0
166.977859,75.258278,63.992,0
191.600357,146.964859,101.9974,0
194.994629,148.974594,103.0457,0
138.798706,291.353271,72.513,0
14.99063,15.547742,27.997,0
108.941147,76.721237,98.697,0
230.097,53,76,0
158.98645,24.935835,33.465,0
223.925842,25,114,0
196.476532,37,56,0
193.833878,360.781525,53.984,0
302.972351,25,44,0
263,124.915901,50,0
244.051544,29,110,0
18.994398,71.817688,37.998,0
12.672465,80.996391,98,0
191.551804,102.977516,81.998,0
214.529663,178.514755,64.55,0
64.945004,62.739521,42.748,0
158.954498,164.784515,46.65,0
193.615402,76.995674,88,0
152.965424,98.779633,37.988,0
250.999817,328.999146,105.7498,0
120.950081,76.763565,102.5474,0
8.999987,79.295891,104,0
66.939129,74.711685,66.631,0
24.986784,70.868385,55.995,0
115.421906,30.699751,41.978,0
126.92765,114.657326,78.852,0
138.944473,97.759483,47.98,0
50.944851,19.520248,67.981,0
245,106.423744,80,0
132.930275,120.669769,58.931,0
30.985104,64.929447,34.619,0
88.973282,286.873444,53.262,0
285,87,73.243,0
176.982727,118.918152,91.147,0
293,77,46.415,0
258.717545,295,52,0
86.935356,128.69384,84.4,0
5,110.50177,64,0
188.9991,50.569939,46,0
191.773804,56.995304,66,0
120.949516,350.760895,103.9247,0
218.972488,384.86969,57.256,0
116.94455,52.737358,94.849,0
184.990067,116.952965,91.006,0
148.950897,96.76741,71.059,0
68.939857,52.715141,83.332,0
20.997514,112.988228,42.9,0
64.932976,23.755865,71.976,0
273.809509,49,62,0
271,73,42.695,0
241,28.715887,70,0
108.923561,93.51622,79.973,0
26.983282,30.920815,29.666,0
98.939911,56.715382,96.833,0
150.961258,67.854355,71.986,0
32.975254,14.882795,26.92,0
41.938347,12.777064,55.983,0
156.967621,69.73214,67.989,0
188.010956,88.980003,87.999,0
140.950333,94.328209,89.983,0
72.783577,46.714779,87.979,0
234.999695,280.998535,44.713,0
87.341736,182.73085,61.98,0
138.957901,70.800621,94.606,0
287,45,46.236,0
152.959305,142.807236,103.0802,0
275.438416,63,62,0
104.928139,87.900406,43.975,0
72.940514,94.718262,51.113,0
225.057205,183,58,0
112.942123,80.725891,99.091,0
38.980797,74.90905,32.925,0
18.301342,70.967331,77.998,0
16.386827,90.982452,73.999,0
249,109.387344,78,0
263,63,74.415,0
145.860672,162.679474,73.976,0
34.978346,54.897434,36.255,0
50.985752,175.632507,49.995,0
168.99086,28.956739,45.767,0
152.959564,93.134941,81.986,0
147.948181,228.600677,81.668,0
26.985844,52.932945,35.22,0
40.974327,60.878399,35.041,0
116.950272,322.716614,52.928,0
56.9491,10.758923,88.624,0
249,72.467705,42,0
70.448151,38.672928,49.976,0
90.934502,128.635735,87.977,0
16.996019,88.606216,77.999,0
66.940041,54.716003,44.617,0
219,52.231461,120,0
281,133,54.693,0
20.988764,34.946783,30.731,0
4.996765,6.366353,21.999,0
22.992868,72.966217,34.376,0
15.881762,136.999985,40,0
21.76491,203,54,0
108.944069,68.7351,100.355,0
72.931206,58.674168,71.031,0
147.788147,140.76741,97.983,0
194.998764,77.912132,74,0
126.936867,54.522026,55.978,0
144.968994,162.71196,49.979,0
58.939949,21.659061,75.979,0
26.99045,98.954765,54.897,0
283,181,97.15,0
286.435974,329,42,0
38.971397,32.864521,31.029,0
117.579948,28.693731,47.977,0
72.998947,376.994995,60.864,0
229,75,86.978,0
126.952873,30.77681,33.823,0
227,37,121.667,0
235.587845,23,74,0
128.944923,54.739151,42.551,0
10.995047,32.97654,31.303,0
281,163.763184,62,0
267,69,67.09,0
273,205,82.469,0
22.990438,80.954712,72.062,0
146.948807,136.757523,94.992,0
31,229,66.209,0
114.536552,24.670593,57.976,0
183.633286,118.933083,75.995,0
264.383636,65,44,0
242.055511,185.148911,81.765,0
279.335266,175,52,0
88.965134,272.834869,63.418,0
243,52.365707,120,0
172.965378,156.142044,63.988,0
281,215,45.101,0
109.779312,12.670036,49.976,0
196.983597,212.922363,51.062,0
287,305,53.239,0
174.990982,90.957275,102.8586,0
68.065231,46.716866,39.979,0
28.977272,5.25249,25.992,0
207,33.558569,102,0
54.950188,22.764061,34.395,0
44.234367,146.922089,63.994,0
154.968185,78.849289,87.443,0
230.386536,13,54,0
251,9,43.048,0
190.994217,102.972595,64.034,0
7,67.51997,108,0
182.998871,28.617279,42,0
124.094131,54.746597,91.981,0
96.9328,18.449223,85.976,0
281,195,41.827,0
174.225952,80.940216,43.996,0
287,37,46.196,0
74.251343,80.702087,79.978,0
54.9431,20.730478,45.225,0
263,73,40.881,0
273,189,39.211,0
301,155,49.828,0
114.307091,20.731047,87.98,0
180.974213,157.918015,65.991,0
243,233.546661,48,0
26.988054,62.94342,34.702,0
78.938583,30.709103,30.703,0
117.380898,94.674988,43.976,0
303,73,48.319,0
263,381,45.502,0
78.995491,364.978668,59.66,0
102.741936,4.643561,57.974,0
252.544846,41,98,0
50.977623,134.637558,45.992,0
281,67.000004,45.143,0
271,53,66.037,0
132.927345,147.666092,81.974,0
71.889053,76.697159,73.978,0
283,165,66.371,0
104.94281,62.729076,99.347,0
259,89,94.413,0
184.924622,402.643005,96.24,0
138.936264,132.698158,85.397,0
269,206.999985,42.501,0
166.98027,102.906532,99.048,0
230.999985,13.607794,78,0
19,158.276382,38,0
193.677887,42.999886,48,0
110.945335,246.726257,96.293,0
150.962372,74.539963,81.987,0
112.292885,44.705482,35.978,0
216.99913,125.677071,68.011,0
4.999997,59.286304,104,0
281,133.849243,58,0
4.999109,60.995781,84.108,0
68.967381,54.712051,81.979,0
73.798149,76.71241,83.979,0
267,47,47.171,0
98.118889,92.627808,73.972,0
106.931625,96.67617,40.513,0
251,76.798218,44,0
227,15,74.752,0
100.924706,6.643425,67.891,0
281,79,43.645,0
299,143.535629,48,0
98.939255,18.134275,91.979,0
45.476913,14.764545,49.983,0
65.558674,86.732094,61.98,0
138.966751,6.842515,39.369,0
108.920044,132.70533,63.972,0
14.993814,66.502769,57.998,0
114.996506,144.655579,89.974,0
281,91.454803,48,0
268.476135,397,48,0
40.964279,4.830811,27.577,0
170.834488,142.861176,91.99,0
33.148588,30.892563,29.992,0
287.58252,373,44,0
247,43.7458,74,0
94.927879,8.658421,79.164,0
108.936966,8.701439,37.827,0
237,64.516109,102,0
119.518402,158.623047,77.972,0
190.982468,185.134369,51.994,0
74.035309,50.659069,65.975,0
6.474949,46.995556,26,0
154.947006,164.296524,51.981,0
118.939087,88.711502,95.052,0
152.961792,98.541115,43.987,0
147.76329,241.42572,86.179,0
180.994019,76.971703,39.693,0
240.996201,338.982025,108.7844,0
39.161942,14.802217,69.985,0
190.999374,51.227741,50,0
12.998128,93.404976,75.999,0
88.941895,52.724773,97.579,0
44.981625,132.773643,83.994,0
227,63.786243,104,0
10.283572,88.999336,98,0
175.025757,228.720367,54.277,0
297.818542,105,86,0
196.832199,184.937897,55.995,0
301,217.000015,51.172,0
108.93325,22.683855,80.505,0
110.93531,87.833221,93.977,0
243.545258,49,114,0
25.276665,197,52,0
198.92215,94.999741,102,0
290.008301,113,100,0
164.927002,284.653381,85.894,0
223,62.278709,102,0
262.049957,55,90,0
261,87,92.227,0
38.981789,80.91375,33.761,0
239.000015,99.978477,90,0
235,109,67.381,0
122.948158,59.710052,95.982,0
24.981022,6.910115,26.753,0
259,77,52.283,0
46.950253,13.00693,43.983,0
66.937878,48.705757,45.995,0
100.927879,19.038115,77.975,0
76.960167,169.75293,43.986,0
52.94677,19.923656,77.981,0
150.927643,374.657288,103.013,0
220.994598,246.974396,65.098,0
110.934059,12.397376,43.977,0
249.453583,29,104,0
202.999298,114.996674,48.852,0
263,41,46.981,0
216.99942,176.163361,56,0
114.943245,43.183735,31.98,0
195.658783,52.999439,66,0
5.170586,66.999607,28,0
142.946609,116.563957,45.981,0
122.952217,62.760521,97.982,0
246.873718,47,118,0
221,29,115.1631,0
211,75,92.782,0
191.289703,7,42,0
207,35,76.836,0
293.733154,67.000004,48,0
293,63,47.957,0
104.266899,258.610092,95.858,0
78.939247,130.010239,73.979,0
283,202.616821,86,0
299,91.803612,66,0
114.63105,24.712822,83.979,0
108.931801,126.676994,42.548,0
56.946198,20.745178,36.602,0
125.102692,304.077484,68.101,0
233,217.000015,50.972,0
142.95929,68.807144,90.094,0
279.372253,167,52,0
259,141,50.023,0
251,73,71.597,0
259,187,43.186,0
217.12323,103,74,0
53.432453,116.873314,39.991,0
62.938175,26.70718,42.813,0
31,387,63.518,0
295,90.50116,50,0
214.450607,43,84,0
271,99,97.086,0
182.931656,354.373199,73.976,0
204.099228,29,74,0
205,89.509674,62,0
175.30838,206.830902,51.807,0
261,17,43.588,0
287,198.201035,70,0
80.938049,34.706568,31.118,0
265,27,42.472,0
158.308334,18.936587,33.995,0
185.659912,68.977859,61.998,0
142.966446,32.841097,38.517,0
38.999992,238.999969,43.32,0
130.212769,132.68261,47.976,0
152.981628,12.912957,37.006,0
176.987396,77.979912,63.996,0
255,49,88.545,0
200.999969,88.999855,41.038,0
108.927399,93.726532,85.974,0
257,365,45.951,0
178.967102,203.352051,49.988,0
46.986034,170.964691,77.995,0
72.946945,113.885704,47.981,0
207,88.614151,48,0
86.537094,88.687836,87.977,0
18.989614,28.950808,29.448,0
190.334229,62.993252,79.999,0
176.998627,10.993516,35.111,0
154.959961,113.67849,89.986,0
196.091827,194.93158,51.995,0
102.762039,8.681983,37.976,0
194.993774,125.93383,75.998,0
237,37,79.489,0
239.000015,68.005474,86,0
190.998123,70.991112,52.168,0
110.967262,370.28537,61.988,0
211,8.120715,58,0
243,87,91.965,0
48.946392,19.819826,55.981,0
250.998718,392.993958,46.439,0
240.994919,388.975891,46.606,0
84.939384,68.71291,93.952,0
34.999756,230.290588,68,0
102.945572,20.7422,96.911,0
223.288086,57,86,0
209,29,95.757,0
162.991165,4.958228,38.686,0
186.972702,214.870712,51.811,0
30.980055,38.905533,32.628,0
13,167,37.264,0
239.348846,139.038849,70.534,0
170.963943,153.48877,79.987,0
196.479385,52.999752,62,0
150.980209,6.906255,38.45,0
118.894394,227.235275,66.033,0
204.998901,148.994736,103.1901,0
62.948029,52.753853,37.416,0
88.937782,67.178234,93.978,0
22.984423,16.926217,28.14,0
227,14.3285,64,0
299,33,45.338,0
164.990555,17.877966,39.997,0
8.999718,105.637886,58,0
271,65,55.04,0
223.428192,59,94,0
227,66.513344,74,0
254.999435,396.997345,46.885,0
237.444153,21,90,0
201.328247,33,66,0
235.280563,144.387543,92.503,0
208.07254,49,104,0
249.512589,47,104,0
239.188263,172.200699,96.957,0
20.98576,14.932552,28.045,0
180.930496,370.670807,103.482,0
184.999939,12.999726,37.465,0
293,145,50.493,0
217,123,49.827,0
249,234.418396,48,0
100.939873,50.715252,96.053,0
66.989773,246.951553,41.102,0
42.961353,7.877146,29.986,0
120.951767,72.771561,103.3757,0
68.941608,12.72344,89.821,0
172.990494,58.954998,41.05,0
36.971615,14.86556,26.485,0
42.974117,66.877411,34.472,0
54.967701,130.846992,63.108,0
207,15,67.194,0
136.944885,94.738945,44.923,0
181.286911,58.979862,41.999,0
193.920273,50.998898,72,0
45.622238,88.882454,37.991,0
100.957321,156.797882,115.5803,0
72.064842,390.998383,64,0
184.993546,80.011208,59.998,0
208.972229,309.606781,99.99,0
207,8.612018,56,0
146.852692,114.780159,41.984,0
82.928558,97.06205,67.975,0
118.944695,8.738064,39.061,0
88.943886,168.286118,91.98,0
256.999847,390.999268,47.214,0
94.963158,90.690796,37.977,0
36.984581,93.140442,37.995,0
132.950714,89.254028,33.983,0
76.034744,36.642511,63.973,0
148.93544,165.964111,63.977,0
259,42.966255,66,0
191.972534,104.975166,75.998,0
64.940411,70.717766,60.418,0
216.998199,206.991425,49.447,0
225,81,90.969,0
94.933372,128.772156,89.977,0
116.942085,46.725708,90.929,0
71.429787,64.68063,65.976,0
30.987635,82.862396,37.996,0
122.919106,327.19873,68.033,0
138.542221,120.697906,55.978,0
82.932281,89.008514,81.976,0
287,87.682404,68,0
138.942505,94.993256,79.98,0
230.999985,16.657539,66,0
98.528481,4.65151,73.974,0
120.945938,54.743935,93.984,0
111.030777,20.664103,67.975,0
70.938446,16.708463,87.469,0
175.425415,76.952957,39.997,0
198.972672,159.993378,100.0116,0
230.881866,184.018051,75.468,0
136.95755,96.79895,29.393,0
152.786011,72.824791,75.987,0
136.956619,68.794525,94.738,0
298.409973,365,38,0
23,193,55.192,0
109.393166,4.71161,35.979,0
122.930275,93.439827,81.976,0
303,179,90.079,0
130.876389,284.028107,56.008,0
88.990845,380.956635,62.619,0
273.010834,89,46,0
144.9319,165.275742,63.976,0
188.996658,72.984184,68.841,0
271,82.583595,70,0
76.938393,90.708206,46.504,0
34.975872,36.885725,32.116,0
142.909485,314.533936,88.882,0
217.88324,23,86,0
267,65,43.065,0
189.809906,64.992329,47.999,0
209,43.792931,72,0
259,189,36.014,0
287,311,51.301,0
30.293484,80.921852,59.994,0
38.975567,58.88427,35.642,0
113.535629,26.664249,61.975,0
5,63,106.2727,0
82.935143,30.692818,32.899,0
70.016418,70.695297,69.977,0
86.028984,38.732407,97.98,0
66.953972,127.630508,79.984,0
52.97303,129.749962,85.991,0
16.995534,66.978855,34.601,0
257,65.725693,76,0
279,133.765198,60,0
73.881233,324.9599,67.997,0
186.997772,64.989449,42.84,0
219,21,101.3008,0
297,335,30.884,0
46.948723,17.218781,51.982,0
112.926872,138.653656,88.945,0
72.944534,62.737293,91.922,0
227,53,82.822,0
50.966118,72.839531,36.595,0
265,107,98.516,0
115.589096,36.703789,39.978,0
98.932831,4.681858,35.812,0
184.995834,80.98027,39.983,0
128.032356,305.980438,72.115,0
42.960186,6.81142,86.186,0
277,209,44.904,0
98.924019,130.640121,60.107,0
92.949005,235.560165,83.982,0
203,31,72.285,0
26.987118,58.938984,35.117,0
210.535812,37,90,0
112.919853,133.96402,73.972,0
150.689133,82.839584,93.988,0
113.24295,348.795013,101.9848,0
28.990248,78.953819,32.495,0
90.943428,46.732048,99.007,0
50.9711,94.863113,38.109,0
70.702087,194.879303,41.991,0
237,241,63.679,0
162.985489,34.931313,42.502,0
130.952576,40.775398,37.519,0
293,88.913727,68,0
168.991928,22.961786,44.625,0
295,61,47.864,0
77.952324,82.699615,83.978,0
219,12.254173,60,0
82.938332,94.707924,41.32,0
202.999863,88.581543,66,0
283,169.723541,42,0
78.940132,129.218048,77.979,0
170.965317,152.109589,57.988,0
301,81,47.697,0
172.928696,324.662262,94.311,0
108.941917,18.099443,89.98,0
122.922195,168.631485,59.567,0
146.964874,58.833622,40.291,0
80.935249,92.693329,47.055,0
157.983582,96.839104,85.988,0
289,92.193542,80,0
269,213,43.706,0
303,39,45.68,0
301,193.060043,68,0
190.07164,94.981682,87.999,0
100.946037,26.744455,98.761,0
97.498322,8.652457,75.974,0
76.950821,170.767075,72.55,0
120.925903,95.546204,75.974,0
52.949898,16.090892,83.982,0
181.793991,116.927429,59.995,0
108.010635,90.641945,49.973,0
56.961208,78.816269,36.926,0
38.957153,9.442745,47.985,0
88.944611,40.737659,99.497,0
232.146912,386.947937,47.996,0
72.974236,222.87796,52.122,0
88.924576,96.976616,61.973,0
287,167,43.705,0
212.077377,33,82,0
72.999451,386.997406,61.417,0
21.301811,100.97419,57.998,0
235,11,48.757,0
48.959511,29.08671,31.986,0
152.964478,75.394768,81.988,0
297,377,42.887,0
118.77903,40.726067,87.98,0
213.514847,21,80,0
116.927261,160.655472,91.038,0
76.942436,70.727371,92.07,0
158.921356,348.627502,94.881,0
35.717304,90.917854,45.994,0
84.948334,134.75528,98.687,0
255,31,41.68,0
281,397,44.343,0
249,89,93.662,0
44.98457,128.926933,39.628,0
222.262253,390.873199,59.991,0
227,59,68.728,0
113.882393,24.710697,37.979,0
241,100.056343,92,0
8.998574,55.690777,93.999,0
34.959341,4.807426,59.553,0
38.803314,162.976532,39.998,0
299,159,48.782,0
241.777206,41,76,0
194.99733,104.987343,48.361,0
110.181221,176.715881,39.979,0
189,6.043151,40,0
130.935165,100.692924,50.527,0
236.988525,357.011414,91.996,0
199,51.960938,90,0
98.972374,356.869171,91.149,0
114.930328,46.67001,48.987,0
271,133,50.514,0
30.986401,68.935589,33.428,0
191.781311,60.99715,86,0
202.739914,171.690186,64.148,0
104.940132,46.716412,94.941,0
303,192.473587,56,0
213,47,89.047,0
81.346535,86.695938,85.977,0
293,88.170044,72,0
241.695419,25,40,0
128.938255,54.890804,67.978,0
92.928406,4.660921,79.995,0
217,14.842334,66,0
216.996094,228.981522,51.72,0
118.932335,51.065464,49.976,0
142.943069,116.709824,51.98,0
104.929962,10.851843,43.975,0
239.000015,62.256371,94,0
60.600147,70.761917,45.982,0
102.251953,210.709518,50.209,0
192.984528,180.926712,54.087,0
148.011276,152.746841,95.981,0
282.065704,337,42,0
106.920654,89.809166,57.972,0
20.99298,73.454582,39.998,0
100.944954,34.73933,98.805,0
259,237.748901,48,0
111.702538,90.623642,63.972,0
111.243233,51.73415,37.272,0
255,69.402023,84,0
198.999969,78.957733,92,0
179.977066,82.953255,79.997,0
24.998785,140.994247,39.28,0
12.996538,48.983604,28.565,0
189.350372,92.983711,91.999,0
4.998367,60.992268,68.853,0
120.342682,174.647079,53.974,0
26.987738,86.941925,64.9,0
146.959335,72.057243,83.986,0
158.962448,136.822113,97.329,0
275,95,94.74,0
122.94133,96.722099,35.861,0
29.909737,78.933846,43.995,0
112.542938,40.653557,55.974,0
121.003418,258.164841,99.458,0
176.929016,368.663788,104.1134,0
184.989334,122.246552,91.996,0
84.186493,30.695122,89.977,0
117.837326,366.772614,91.983,0
70.932686,36.68119,44.912,0
17.957767,84.980042,83.999,0
277,86.823082,80,0
247,37,70.276,0
196.209702,104.997093,103.9998,0
289,9,45.267,0
273.738434,179,42,0
219.944534,59,82,0
172.996597,22.983885,31.975,0
66.973648,172.875198,40.276,0
144.95462,67.045547,73.984,0
4.99703,24.985933,31.666,0
301,43,46.899,0
110.940773,46.71949,93.232,0
265.343597,61,48,0
208.999588,128.172607,78,0
203,11.822674,52,0
158.962723,144.82341,100.7746,0
107.260475,254.462433,97.199,0
259,85.091743,88,0
117.350685,24.691776,49.977,0
152.978149,30.896511,37.461,0
74.935181,26.69298,35.537,0
92.933601,102.851616,41.977,0
190.997665,75.429619,53.999,0
62.973682,175.662247,91.991,0
291,394.436981,44,0
161.732391,84.895821,95.992,0
36.314714,180.987427,45.999,0
199.651703,33,62,0
263,137,49.516,0
233,63.780319,100,0
174.995453,24.978455,45.446,0
255,73,71.548,0
64.947838,5.682305,93.982,0
44.682945,10.787788,37.984,0
176.993759,50.970421,44.32,0
114.823143,40.72958,91.98,0
67.226501,182.848236,57.989,0
235,109.873329,62,0
159.246292,239.172104,84.97,0
44.99844,228.992599,45.004,0
122.949837,30.762411,32.959,0
166.985992,54.933689,41.493,0
114.92202,94.083733,71.973,0
195.960464,78.996864,48,0
178.971176,159.651657,69.99,0
267.047089,184.79332,96.552,0
132.932388,129.608025,51.976,0
249,135,51.56,0
289,77,45.33,0
257,225,44.427,0
168.994568,24.974247,30.689,0
195,25.29196,50,0
67.682991,52.702114,47.978,0
47.794552,154.916901,57.994,0
148.977005,12.891059,38.426,0
207,57,98.063,0
269,57,48.846,0
75.766769,174.786667,59.984,0
86.927742,92.657753,77.678,0
74.927948,35.577438,73.975,0
226.999954,208.999817,53.244,0
258.193497,21,42,0
15.303189,68.988026,95.999,0
194.997559,102.988464,47.64,0
190.991623,125.552689,55.997,0
287,79,44.736,0
104.930855,20.903308,79.976,0
132.926521,136.651978,73.304,0
291,121.219902,96,0
90.933815,108.686539,44.11,0
182.997955,40.990292,43.566,0
245,39,108.9489,0
150.954849,102.091759,51.984,0
19.57995,219,80,0
209,49,93,0
31.908413,4.850326,79.989,0
90.986496,364.936035,61.376,0
289,61,47.571,0
104.9366,80.699692,95.446,0
227,61.834259,98,0
4.998671,40.993702,29.81,0
112.677826,50.732414,29.98,0
215,90.105087,46,0
204.998978,122.995087,59.341,0
90.935074,70.692482,91.891,0
235,61.705395,94,0
210.062637,374.825531,59.987,0
92.94371,134.041702,99.98,0
152.980957,16.909842,36.839,0
78.94265,67.550873,93.98,0
134.959534,22.808359,38.383,0
170.924011,333.754272,81.973,0
90.932686,80.681175,89.217,0
113.581795,20.670002,57.976,0
113.778938,40.659615,69.975,0
132.943321,58.731564,52.598,0
64.936131,33.053205,45.978,0
253,17,40.629,0
69.623917,262.91803,71.994,0
164.985428,44.930981,43.122,0
48.954586,11.266634,85.984,0
14.991982,26.962023,29.994,0
93.956947,94.631363,59.973,0
289,347,38.198,0
30.999702,192.998596,45.463,0
122.948395,20.755591,36.62,0
213,13.825441,66,0
162.977768,70.311333,45.992,0
44.950089,16.104549,61.982,0
213,54.884552,104,0
209.834885,11,64,0
100.922012,133.015976,67.973,0
230.999985,110.481354,68,0
142.961136,105.140732,29.986,0
260.623383,143.428314,83.295,0
287.863953,333,34,0
55.808392,218.947083,55.996,0
188.99295,112.966606,49.415,0
255.777496,113,84,0
120.947411,24.7509,34.695,0
122.928688,164.662247,49.194,0
114.078918,34.661144,57.975,0
136.953995,56.782093,40.711,0
92.140747,172.695557,79.977,0
102.931549,88.675804,90.949,0
170.996063,16.981285,32.598,0
229,93,88.607,0
172.990784,54.956379,42.262,0
186.982025,166.133392,51.994,0
60.947411,70.750923,50.246,0
74.827042,40.661491,73.975,0
247,105.975067,88,0
126.948257,42.75494,37.587,0
303,95,51.231,0
11.916584,70.99617,100,0
259,78.877563,48,0
144.964951,48.833984,39.638,0
136.892517,229.38298,60.043,0
192.930481,169.83403,79.247,0
246.788345,75,44,0
159.648041,92.882004,97.991,0
22.992636,96.633499,61.997,0
195,5,44.608,0
32.973831,4.876054,25.167,0
199.180725,51,64,0
221,47.054924,80,0
107.270073,230.633347,81.985,0
67.922688,46.694759,47.977,0
269.714844,157,68,0
164.992661,14.965246,32.859,0
48.990772,166.245499,105.9968,0
88.929947,90.413582,83.975,0
106.921509,92.314529,75.972,0
78.933815,16.686531,86.343,0
172.888107,28.98107,31.999,0
8.248808,71,108,0
189.237839,104.973351,87.998,0
223,49.49004,122,0
233,17.961705,64,0
5,77.764069,112,0
78.933723,32.532991,85.977,0
251,91,95.639,0
279,89.76722,88,0
72.947334,86.750549,37.59,0
80.249756,86.687431,81.977,0
269.887146,125,100,0
126.92485,139.602386,57.974,0
84.943161,54.730789,97.691,0
281,141,50.53,0
247,25,102.9963,0
201,51.657154,58,0
15.151611,72.988205,93.999,0
174.98494,80.928642,66.705,0
289,97,90.411,0
229,71,84.612,0
78.155251,78.710373,87.979,0
84.94693,178.748642,56.319,0
174.936661,301.28183,97.978,0
160.715302,162.766541,57.983,0
159.90152,82.854546,77.989,0
303,63,47.786,0
66.929554,27.633652,59.975,0
60.975525,164.117111,43.991,0
196.956985,299.449249,81.985,0
110.944191,36.735678,94.807,0
62.940807,20.719644,83.174,0
102.931908,116.67749,42.302,0
249,141,53.436,0
72.937668,14.704791,87.871,0
198.999619,80.998161,76.633,0
122.944473,86.737,98,0
196.953384,343.631226,61.984,0
134.959,28.805824,37.389,0
206.979279,296.901855,50.295,0
10.998244,58.991684,28.918,0
150.971115,48.863178,40.67,0
168.986191,66.934563,40.246,0
221,167,99.292,0
239.157501,21,54,0
170.965759,156.837753,88.889,0
200.733734,23,64,0
71.751419,48.670521,53.976,0
62.678474,22.687519,69.977,0
143.593445,231.407074,84.53,0
72.946556,106.746887,45.547,0
182.998566,32.993195,42.736,0
271,59,66.661,0
65.967422,24.670351,65.976,0
133.311417,60.741112,79.981,0
293,169.948898,74,0
227,183.468811,56,0
249,97,97.925,0
158.920975,391.328125,83.972,0
213.783173,49,118,0
226.99791,183.962143,66.018,0
88.480095,32.731829,97.98,0
154.060303,80.848083,89.989,0
70.353477,72.713234,79.979,0
236.990295,354.954041,103.199,0
213,83,88.674,0
182.991638,82.172073,65.997,0
186.971359,222.864304,51.407,0
219.004654,138.233704,96.006,0
28.999542,166.997833,36.166,0
129.05899,94.694824,83.977,0
97.870522,14.644352,73.974,0
32.912804,88.922272,51.994,0
297,177,41.397,0
78.938492,128.708679,70.61,0
200.999649,88.141052,60,0
180.99736,37.693314,43.999,0
160.302795,28.930897,37.995,0
218.197586,178.133209,90.502,0
59,373,59.664,0
245,142.906601,60,0
44.957493,11.96831,83.985,0
97.582802,10.651433,75.974,0
178.358551,84.947319,49.996,0
217.172653,113,44,0
248.633652,184.076172,89.271,0
112.683357,20.665924,61.975,0
162.990417,24.954655,31.247,0
118.965302,380.835663,55.982,0
170.993805,31.963326,35.998,0
152.940765,163.763855,81.979,0
263,305,52.042,0
106.103966,10.652973,53.974,0
45.048084,138.914307,79.994,0
233,59.462444,112,0
32.997751,186.989349,73.81,0
108.951332,280.769501,52.601,0
167.132492,84.891083,77.992,0
263,13,44.4,0
174.990891,85.603462,99.997,0
30.999992,208.999969,99.397,0
208.109695,91,76,0
259,65,91.257,0
78.933052,28.68292,85.316,0
273,19,44.634,0
10.996099,63.662838,71.999,0
112.034508,46.651203,53.974,0
8.994656,12.97469,26.035,0
287,222.999985,53.161,0
82.956657,176.794693,43.016,0
237,59,74.268,0
128.953842,22.781368,37.076,0
273.419983,161,64,0
213,16.550066,74,0
68.999462,366.997437,58.95,0
275,132.267204,52,0
209,31.60508,104,0
104.767395,132.628716,75.972,0
277,84.362686,66,0
80.107872,46.731148,95.98,0
21,237,43.753,0
293,157,49.459,0
15.812844,80.987091,89.999,0
150.888702,336.041229,80.017,0
4.999943,96.999725,71.006,0
199.314728,17,50,0
58.973011,163.794754,55.991,0
18.79446,80.973114,79.998,0
32.963322,5.573722,47.987,0
217,8.193315,56,0
297,10.444559,44,0
37,243.000015,43.231,0
289,328.348206,46,0
245,75.462402,72,0
130.955879,28.791012,35.649,0
188.845718,60.989662,57.999,0
70.997971,344.990387,53.209,0
23,195,36.142,0
122.951561,66.770596,100.9195,0
158.945755,165.568298,65.981,0
112.938911,174.982529,39.979,0
119.743912,50.727097,35.98,0
271,9,45.535,0
170.99675,6.984525,33.923,0
239.234665,170.026993,97.36,0
206.710571,51,94,0
10.998324,62.992062,30.769,0
195.137772,46.999901,52,0
221,125,51.694,0
276.635193,51,58,0
213,90.175171,58,0
243,61.809494,96,0
261,40.504742,62,0
182.996338,88.361259,103.9987,0
263.002014,154.34053,69.999,0
203,50.657051,80,0
275,107,102.669,0
48.99472,180.974991,112.9572,0
42.96701,40.843758,34.947,0
217,15.155166,72,0
252.443634,111.000008,80,0
106.922783,130.634277,80.67,0
94.928329,14.660553,80.669,0
225,109.894524,66,0
163.573608,18.959309,31.997,0
139.097458,154.663376,77.975,0
84.941078,64.720913,95.696,0
279,196.263977,60,0
112.386902,38.652424,65.974,0
273,41,40.755,0
144.954437,63.725559,67.984,0
58.956135,66.792248,36.63,0
205.000015,91,41.054,0
6.270326,91,102,0
199,51.476734,84,0
118.942856,48.729343,90.716,0
303,121,48.244,0
277,75,43.551,0
16.999999,153,40.156,0
188.785645,161.647675,96.117,0
124.936523,51.87394,73.978,0
70.946175,116.469009,55.981,0
98.923851,90.601891,79.973,0
118.924347,304.498962,62.1,0
64.954556,82.78476,36.439,0
48.977047,106.891281,36.549,0
42.967014,32.843769,31.459,0
180.993149,82.967567,40.432,0
243,107.220421,72,0
80.697968,170.749268,77.981,0
59.45953,32.750463,35.981,0
193.02504,100.980415,75.999,0
281.522827,225,52,0
159.64859,72.85997,71.99,0
219.730042,386.869629,57.99,0
14.990163,10.95341,26.925,0
267,31,41.786,0
130.933365,96.68441,77.224,0
281,151,51.038,0
259,67.000004,84.313,0
138.958435,74.803162,96.591,0
162.385666,38.926018,41.995,0
88.928505,6.661393,81.199,0
297,194.5,96,0
108.944023,62.734867,99.537,0
72.941551,87.628998,45.979,0
230.999985,65,69.23,0
158.65036,36.913708,39.994,0
230.999985,99.948868,86,0
21,200.25882,68,0
78.941231,42.721642,93.616,0
222.997681,234.989044,56.723,0
82.943176,58.730873,96.943,0
40.050068,228.995041,92,0
45.962551,16.760263,53.982,0
82.954491,154.784439,101.0194,0
222.726196,109,66,0
14.995259,67.236053,81.998,0
171.18248,228.544785,54.048,0
26.979435,8.902596,27.125,0
279,13,46.692,0
162.930359,268.670227,91.092,0
206.995026,184.976456,52.803,0
68.941856,40.724613,35.278,0
243,49,121.3143,0
20.302238,205,58,0
195,11,45.149,0
293,92.083107,54,0
73.412056,56.665081,63.975,0
251,41,92.432,0
118.937012,51.175579,41.978,0
108.961296,362.816681,84.368,0
74.451408,84.692322,73.977,0
80.942665,64.728432,95.328,0
60.955288,72.788223,37.23,0
63.2234,66.748978,43.981,0
232.696884,177.295532,93.747,0
263,111.000008,98.33,0
239.965927,27,62,0
277,184.755493,50,0
213.00766,130.589119,84.011,0
138.956406,56.793495,40.31,0
124.942276,50.726601,84.384,0
257,15,42.664,0
150.936172,167.519363,73.978,0
270.239532,87,90,0
157.439651,106.827538,87.987,0
158.987778,14.942078,34.091,0
34.962631,8.823008,45.16,0
263,192.355759,50,0
138.420853,60.752117,69.982,0
124.937172,178.702438,40.991,0
102.927895,134.15625,49.975,0
57,367,58.386,0
281,31,44.448,0
289,323,48.996,0
250.1754,113,74,0
12.323735,64.977261,61.998,0
184.979813,170.904358,49.968,0
196.995453,150.978561,103.089,0
166.959442,154.807892,59.372,0
221,47.514584,78,0
15,391,68.828,0
180.961853,234.819351,52.494,0
24.002151,90.957176,65.997,0
119.543533,40.696754,77.978,0
260.587769,53,76,0
126.952255,24.388186,35.983,0
30.978867,24.899902,28.274,0
184.995224,108.977409,105.753,0
243,69,70.916,0
213,28.059078,106,0
229,83,89.654,0
138.961044,38.815506,38.174,0
161.955872,162.764771,63.983,0
127.147232,64.772781,97.983,0
88.946373,133.792557,99.981,0
90.002342,22.703276,91.978,0
48.959972,38.810421,35.123,0
70.169014,38.691784,79.977,0
122.382622,122.630165,67.973,0
194.53833,33,44,0
136.946915,54.748554,64.921,0
134.922318,229.457886,53.989,0
188.996841,88.985016,41.47,0
159.660278,86.87384,91.991,0
180.992035,86.962296,43.137,0
165.386505,218.292664,52.414,0
74.336685,184.849579,41.989,0
196.232895,80.998047,42,0
184.946716,287.522827,71.981,0
42.95293,15.726624,65.983,0
100.494293,340.851288,67.989,0
142.942276,103.746552,71.98,0
134.961685,8.81856,39.524,0
44.957237,10.384541,33.985,0
152.963943,107.451645,37.987,0
230.999985,47,123.4589,0
162.974182,84.401451,83.991,0
15,171,36.942,0
215,53,114.7765,0
279,7,46.983,0
106.944702,34.738077,96.768,0
58.955109,62.787384,36.579,0
140.937073,218.70195,45.658,0
76.938545,43.896736,33.978,0
31.517416,180.991943,55.999,0
36.989668,112.951065,34.93,0
146.959991,94.810501,37.756,0
146.955582,93.411331,87.984,0
60.982079,176.915131,37.096,0
277,103,99.247,0
76.893417,186.806854,89.986,0
210.981018,358.910126,39.671,0
182.923615,400.638184,95.366,0
211,89.321014,52,0
271,235,45.215,0
5,83,109.0189,0
128.933189,188.643753,45.977,0
206.05397,51,96,0
225,155,100.9864,0
144.51944,60.784409,63.984,0
114.936157,173.004593,41.978,0
44.97287,70.871506,34.884,0
180.966766,208.845871,51.593,0
40.96133,8.816841,84.121,0
247,265,73.215,0
64.963699,163.495483,71.987,0
289,53,46.089,0
251,317,54.221,0
285,131.861908,82,0
110.941696,42.723869,93.44,0
25,241,41.363,0
233,87,91.237,0
44.996361,227.153198,83.999,0
182.235001,52.983707,43.999,0
123.929123,158.667038,47.975,0
203,21,68.983,0
238.155502,183.090851,85.703,0
32.976305,20.887774,27.669,0
8.314024,62.993259,88,0
241,29,89.243,0
70.927582,33.662645,57.975,0
281,51,44.278,0
116.954727,374.785583,82.114,0
301,83,47.777,0
140.643311,229.380066,84.768,0
24.988083,54.943562,34.792,0
56.938374,21.842258,65.978,0
38.995201,178.977264,91.515,0
31.239079,80.918976,55.994,0
227,41,122.69,0
50.956085,20.79201,30.988,0
182.999359,22.996969,38.436,0
195,43,42.426,0
224.562973,49,78,0
10.032389,66.98568,51.999,0
46.983456,154.164856,55.994,0
233,22.610188,114,0
262.162628,41,44,0
242.562943,180.728516,91.056,0
215.469086,103,66,0
134.948395,92.755562,94.275,0
49.398338,18.741725,61.981,0
122.948479,80.755989,100.7427,0
239.000015,39,77.363,0
275,55,42.867,0
38.96249,4.822332,33.382,0
86.934601,86.690262,89.033,0
24.989349,74.949554,44.452,0
275,83.696823,72,0
50.947113,13.935644,41.981,0
285,191,51.551,0
92.96859,297.591614,59.989,0
108.937103,48.702084,34.629,0
263,31,41.884,0
172.08429,20.976145,39.998,0
255,33.690351,54,0
144.942368,161.07962,45.98,0
31.120642,395,66,0
116.936119,26.697433,45.839,0
132.9319,110.677452,58.53,0
273,128.012947,88,0
130.943481,110.851746,37.98,0
200.999985,82.119797,88,0
218.171463,21,94,0
16.991492,32.959709,30.371,0
74.944176,64.735607,92.964,0
171.603165,342.633545,75.975,0
86.944435,46.736839,99.233,0
10.997209,67.476967,43.999,0
187.592941,162.911346,59.993,0
234.999283,151.052505,97.206,0
25.002533,100.963913,53.997,0
275,81,43.441,0
201,52.77256,94,0
291,47,46.161,0
275.045258,57,64,0
209.50444,177.339844,74.067,0
230.999985,19.18107,108,0
170.987671,90.941559,101.9119,0
281,88.172905,78,0
134.940643,120.718887,43.66,0
40.976242,66.88747,34.278,0
180.960388,214.840469,52.676,0
74.958809,137.619232,99.986,0
289,391,45.152,0
102.926529,179.061356,69.974,0
32.983028,82.919624,47.933,0
112.931526,126.675667,42.829,0
255,11,43.354,0
182.997375,46.987564,44.674,0
139.884781,156.660934,73.975,0
46.948219,17.381597,63.982,0
102.945976,28.744137,98.416,0
261.932098,347,54,0
69.827927,58.717342,83.979,0
56.950588,36.311802,35.983,0
170.995987,18.962861,31.999,0
301.845459,117,86,0
291,37,45.786,0
94.933006,176.682709,76.545,0
78.933792,20.686411,86.295,0
188.420898,160.148438,88.337,0
142.950989,94.627708,87.983,0
259,185.752609,40,0
276.321686,51,54,0
28.987309,92.939896,58.491,0
237,74.006645,72,0
240.999542,308.997864,49.217,0
247,16.082961,40,0
74.997314,362.987305,58.887,0
74.997543,366.988342,60.196,0
295,400.196259,40,0
152.967529,70.004456,43.989,0
219,107,66.359,0
162.969025,120.853363,94.102,0
24.985909,40.933258,32.862,0
100.935707,134.769867,95.977,0
196.982834,216.918793,51.242,0
154.955276,152.788147,98.914,0
71.546227,36.6924,81.977,0
103.523796,8.643465,57.974,0
94.973289,342.873505,87.165,0
168.978745,80.89933,67.003,0
106.946259,26.745462,96.919,0
192.998825,82.994408,41.018,0
28.997416,140.987762,39.07,0
182.999634,16.998271,37.243,0
144.958054,90.928879,93.985,0
192.994263,142.972824,102.8024,0
275,83.997345,74,0
69.739548,44.681232,49.976,0
259.530167,69,90,0
241.964996,29,60,0
149.486404,162.701157,79.978,0
249,33.320284,46,0
179.290253,154.884232,53.991,0
59.996773,214.923798,89.994,0
273,68.096584,62,0
92.940125,52.716393,96.596,0
119.549385,32.730106,85.98,0
52.943157,23.867319,53.98,0
291,175,90.945,0
111.341141,48.641521,63.973,0
176.974274,150.878189,89.276,0
243,35,72.215,0
148.951599,108.770775,50.933,0
245,46.202068,78,0
146.962677,71.797119,89.987,0
92.945091,36.739948,99.932,0
115.935608,42.678135,47.976,0
216.997818,210.98967,50.332,0
60.969994,166.32103,61.989,0
230.999985,107.122612,58,0
182.99501,84.564987,95.998,0
201.595016,11,48,0
38.991318,136.958893,38.579,0
222.669235,59,110,0
167.134918,234.596954,47.317,0
40.985989,110.933655,35.16,0
139.812866,158.709778,45.978,0
154.941742,165.272766,63.98,0
269,61,51.23,0
92.956573,266.794312,84.464,0
233,105.812271,78,0
4.998605,60.377483,76,0
230.999985,15.579413,58,0
185.229523,68.976509,63.998,0
196.87738,167.161865,89.284,0
184.997864,50.989872,44.833,0
285,103.546387,98,0
122.863686,235.966309,90.1,0
114.944901,56.739014,97.088,0
301.891388,187,42,0
21.992626,90.964561,67.997,0
229,7,49.224,0
240.966965,25,90,0
166.986496,48.936039,43.344,0
143.580215,94.751534,79.982,0
287,202.236038,78,0
92.935898,126.696396,44.13,0
52.992249,226.963318,92.133,0
130.940819,94.719696,89.507,0
200.291412,41,58,0
100.925224,5.697596,49.974,0
234.740036,77,80,0
277,51,42.482,0
114.940262,20.717075,37.897,0
64.978249,172.511856,105.9924,0
82.98143,306.912048,60.629,0
56.944443,20.736859,80.637,0
267,89,94.265,0
134.952484,88.774986,97.902,0
86.949295,162.2603,97.982,0
6.999947,107.146065,60,0
158.264771,88.869469,93.99,0
72.440132,44.662079,55.975,0
144.971085,20.863035,38.448,0
50.626667,26.797451,31.985,0
178.994003,88.971497,103.3041,0
239.000015,29,116.3347,0
174.987274,82.236153,85.996,0
247,58.126087,100,0
237,67.000004,68.926,0
192.995407,122.978256,95.573,0
80.42009,26.688957,33.977,0
192.925125,78.989738,67.999,0
70.989494,270.950256,45.764,0
188.99762,80.988716,40.512,0
42.96645,24.841091,29.139,0
117.026138,243.884109,96.584,0
4.999342,60.727524,88,0
242.126114,17,44,0
243,29.748295,62,0
303,143,46.155,0
176.26947,98.956894,103.9968,0
128.932709,101.246628,51.976,0
73.968048,52.660755,65.975,0
6.997144,34.986471,31.974,0
194.978821,226.899719,51.901,0
270.114288,77,60,0
34.964157,9.694142,75.987,0
72.943413,4.731968,93.705,0
219,59.654606,94,0
38.963604,4.827615,85.455,0
104.932579,10.115588,39.976,0
58.936886,26.756184,57.978,0
68.950695,130.447853,73.983,0
130.951103,59.898403,91.983,0
122.528992,46.713547,81.979,0
261,11,44.418,0
144.958771,69.63179,85.986,0
160.971375,73.544823,63.99,0
111.616722,42.646393,59.974,0
154.940567,167.493179,75.979,0
244.996719,392.490082,45.999,0
243.266052,155.759064,98.127,0
170.990158,44.953285,45.037,0
19,387,65.22,0
148.885956,254.22496,89.455,0
197.895355,171.634872,85.873,0
182.965576,246.836945,46.841,0
213,59,99.378,0
213,130.667473,88,0
224.35318,57,118,0
74.694992,46.661289,71.975,0
201,67.000004,95.668,0
85.685471,32.712807,93.979,0
165.343857,231.639938,50.533,0
300.619019,307,48,0
185.915253,92.968742,49.998,0
216.960663,380.921051,83.986,0
72.935524,40.694603,39.724,0
44.996773,206.984695,103.5275,0
96.756111,70.696526,93.977,0
11,179,37.063,0
4.999856,55.169338,100,0
174.992218,54.963131,42.467,0
220.993958,250.97139,66.423,0
112.56279,24.664213,65.975,0
152.95903,124.805984,96.669,0
136.946884,62.748451,75.494,0
119.907547,368.761627,89.982,0
46.991219,178.510025,43.997,0
210.996826,192.984985,49.375,0
98.933235,130.683777,44.414,0
289,87,45.478,0
279,166.226715,48,0
78.989571,330.950592,62.596,0
101.582413,342.839996,73.988,0
273,135.112457,70,0
142.969299,16.854606,39.213,0
295,91.492157,64,0
207,51.787239,84,0
113.529694,28.676178,73.976,0
54.982239,163.707016,41.994,0
100.940552,66.718479,98.171,0
9,158.362488,40,0
302.597809,95,54,0
18.992836,70.651886,45.997,0
250.600281,51,100,0
115.314659,50.662804,51.975,0
68.932404,35.665661,47.976,0
275.084412,57,54,0
61.931973,180.870499,61.99,0
144.973495,6.874454,39.368,0
257,139,50.504,0
194.999847,53.258774,56,0
229,70.335228,80,0
237,105.042969,80,0
168.989578,38.950634,44.453,0
95.692734,58.710293,95.979,0
44.959244,4.806964,88.2,0
47.937283,14.802118,29.985,0
72.939041,43.37484,35.979,0
118.948051,78.799355,101.9818,0
271,381,46.608,0
143.16925,231.468903,61.514,0
237,25,114.8986,0
52.400265,108.87365,37.991,0
156.441833,227.185501,69.404,0
73.391174,90.697937,69.978,0
238.470825,181.601151,91.931,0
265,7,44.741,0
104.411072,92.642097,81.973,0
263,73,54.713,0
102.92556,19.139957,71.974,0
255,119.288002,70,0
140.939468,159.308319,45.979,0
251.685654,35,102,0
205.000015,48.59446,70,0
144.970291,24.859297,38.439,0
127.68766,136.636429,65.973,0
72.932335,36.679522,43.222,0
249,41,70.921,0
96.938835,64.7103,96.424,0
150.956314,146.793106,102.882,0
193.370911,190.925995,49.995,0
301,383,43.595,0
267.970551,57,68,0
33.863365,84.925491,41.994,0
8.999995,113.306198,46,0
230.999985,110.162628,70,0
124.902901,228.912491,60.02,0
285,125,97.383,0
114.941948,46.725048,92.167,0
69.814819,90.713745,63.979,0
76.996315,358.982544,56.605,0
96.960609,156.813431,116.7407,0
182.428558,160.904465,47.993,0
94.924927,91.352005,79.974,0
80.935799,121.71701,59.977,0
182.964096,238.829971,51.169,0
51.487995,22.739241,51.981,0
