X,Y,Z,formation
0.596469005,0.2,0.993950716,Base Cretaceous
0.684312583,0.2,0.97537529,Base Cretaceous
0.768252003,0.2,0.948583811,Base Cretaceous
0.852191422,0.2,0.923847247,Base Cretaceous
0.928322523,0.2,0.888843322,Base Cretaceous
1.002501545,0.2,0.847676454,Base Cretaceous
1.084488885,0.2,0.800337624,Base Cretaceous
1.180140781,0.2,0.769425489,Base Cretaceous
1.611550355,0.2,0.740257957,Base Cretaceous
1.679873138,0.2,0.764853798,Base Cretaceous
1.752100081,0.2,0.7853362,Base Cretaceous
1.822374943,0.2,0.797600744,Base Cretaceous
1.908266442,0.2,0.785191868,Base Cretaceous
1.26798436,0.2,0.752904978,Base Cretaceous
1.361684177,0.2,0.742543802,Base Cretaceous
1.441719437,0.2,0.738360001,Base Cretaceous
1.529563015,0.2,0.734168984,Base Cretaceous
0.596469005,0.5,0.993950716,Base Cretaceous
0.684312583,0.5,0.97537529,Base Cretaceous
0.768252003,0.5,0.948583811,Base Cretaceous
0.852191422,0.5,0.923847247,Base Cretaceous
0.928322523,0.5,0.888843322,Base Cretaceous
1.002501545,0.5,0.847676454,Base Cretaceous
1.084488885,0.5,0.800337624,Base Cretaceous
1.180140781,0.5,0.769425489,Base Cretaceous
1.611550355,0.5,0.740257957,Base Cretaceous
1.679873138,0.5,0.764853798,Base Cretaceous
1.752100081,0.5,0.7853362,Base Cretaceous
1.822374943,0.5,0.797600744,Base Cretaceous
1.908266442,0.5,0.785191868,Base Cretaceous
1.26798436,0.5,0.752904978,Base Cretaceous
1.361684177,0.5,0.742543802,Base Cretaceous
1.441719437,0.5,0.738360001,Base Cretaceous
1.529563015,0.5,0.734168984,Base Cretaceous
0.596469005,0.8,0.993950716,Base Cretaceous
0.684312583,0.8,0.97537529,Base Cretaceous
0.768252003,0.8,0.948583811,Base Cretaceous
0.852191422,0.8,0.923847247,Base Cretaceous
0.928322523,0.8,0.888843322,Base Cretaceous
1.002501545,0.8,0.847676454,Base Cretaceous
1.084488885,0.8,0.800337624,Base Cretaceous
1.180140781,0.8,0.769425489,Base Cretaceous
1.611550355,0.8,0.740257957,Base Cretaceous
1.679873138,0.8,0.764853798,Base Cretaceous
1.752100081,0.8,0.7853362,Base Cretaceous
1.822374943,0.8,0.797600744,Base Cretaceous
1.908266442,0.8,0.785191868,Base Cretaceous
1.26798436,0.8,0.752904978,Base Cretaceous
1.361684177,0.8,0.742543802,Base Cretaceous
1.441719437,0.8,0.738360001,Base Cretaceous
1.529563015,0.8,0.734168984,Base Cretaceous
0.044030501,0.2,0.803354146,Base Imperial Fm
0.12796992,0.2,0.856704371,Base Imperial Fm
0.211909339,0.2,0.891560357,Base Imperial Fm
0.307561236,0.2,0.909966193,Base Imperial Fm
0.395404814,0.2,0.905775176,Base Imperial Fm
0.459823438,0.2,0.876946822,Base Imperial Fm
0.465679677,0.2,0.827623438,Base Imperial Fm
0.543762858,0.2,0.850155343,Base Imperial Fm
0.627702277,0.2,0.856242511,Base Imperial Fm
0.692120901,0.2,0.839743651,Base Imperial Fm
0.762395764,0.2,0.815019716,Base Imperial Fm
0.824862309,0.2,0.792357913,Base Imperial Fm
0.883424694,0.2,0.763534971,Base Imperial Fm
0.756539525,0.2,0.708169522,Base Imperial Fm
0.840478945,0.2,0.703982113,Base Imperial Fm
0.926370444,0.2,0.689518322,Base Imperial Fm
1.020070261,0.2,0.6729924,Base Imperial Fm
1.096201362,0.2,0.656482714,Base Imperial Fm
1.176236622,0.2,0.637914505,Base Imperial Fm
0.947843318,0.2,0.576478124,Base Imperial Fm
1.035686897,0.2,0.588726431,Base Imperial Fm
1.131338793,0.2,0.586583112,Base Imperial Fm
1.22699069,0.2,0.58649471,Base Imperial Fm
1.334355063,0.2,0.592560228,Base Imperial Fm
1.416342403,0.2,0.604813948,Base Imperial Fm
1.51004222,0.2,0.600617518,Base Imperial Fm
1.59202956,0.2,0.596431913,Base Imperial Fm
1.699393934,0.2,0.612772009,Base Imperial Fm
1.779429194,0.2,0.616807871,Base Imperial Fm
1.861416534,0.2,0.616732097,Base Imperial Fm
1.95706843,0.2,0.616643694,Base Imperial Fm
0.044030501,0.5,0.803354146,Base Imperial Fm
0.12796992,0.5,0.856704371,Base Imperial Fm
0.211909339,0.5,0.891560357,Base Imperial Fm
0.307561236,0.5,0.909966193,Base Imperial Fm
0.395404814,0.5,0.905775176,Base Imperial Fm
0.459823438,0.5,0.876946822,Base Imperial Fm
0.465679677,0.5,0.827623438,Base Imperial Fm
0.543762858,0.5,0.850155343,Base Imperial Fm
0.627702277,0.5,0.856242511,Base Imperial Fm
0.692120901,0.5,0.839743651,Base Imperial Fm
0.762395764,0.5,0.815019716,Base Imperial Fm
0.824862309,0.5,0.792357913,Base Imperial Fm
0.883424694,0.5,0.763534971,Base Imperial Fm
0.756539525,0.5,0.708169522,Base Imperial Fm
0.840478945,0.5,0.703982113,Base Imperial Fm
0.926370444,0.5,0.689518322,Base Imperial Fm
1.020070261,0.5,0.6729924,Base Imperial Fm
1.096201362,0.5,0.656482714,Base Imperial Fm
1.176236622,0.5,0.637914505,Base Imperial Fm
0.947843318,0.5,0.576478124,Base Imperial Fm
1.035686897,0.5,0.588726431,Base Imperial Fm
1.131338793,0.5,0.586583112,Base Imperial Fm
1.22699069,0.5,0.58649471,Base Imperial Fm
1.334355063,0.5,0.592560228,Base Imperial Fm
1.416342403,0.5,0.604813948,Base Imperial Fm
1.51004222,0.5,0.600617518,Base Imperial Fm
1.59202956,0.5,0.596431913,Base Imperial Fm
1.699393934,0.5,0.612772009,Base Imperial Fm
1.779429194,0.5,0.616807871,Base Imperial Fm
1.861416534,0.5,0.616732097,Base Imperial Fm
1.95706843,0.5,0.616643694,Base Imperial Fm
0.044030501,0.8,0.803354146,Base Imperial Fm
0.12796992,0.8,0.856704371,Base Imperial Fm
0.211909339,0.8,0.891560357,Base Imperial Fm
0.307561236,0.8,0.909966193,Base Imperial Fm
0.395404814,0.8,0.905775176,Base Imperial Fm
0.459823438,0.8,0.876946822,Base Imperial Fm
0.465679677,0.8,0.827623438,Base Imperial Fm
0.543762858,0.8,0.850155343,Base Imperial Fm
0.627702277,0.8,0.856242511,Base Imperial Fm
0.692120901,0.8,0.839743651,Base Imperial Fm
0.762395764,0.8,0.815019716,Base Imperial Fm
0.824862309,0.8,0.792357913,Base Imperial Fm
0.883424694,0.8,0.763534971,Base Imperial Fm
0.756539525,0.8,0.708169522,Base Imperial Fm
0.840478945,0.8,0.703982113,Base Imperial Fm
0.926370444,0.8,0.689518322,Base Imperial Fm
1.020070261,0.8,0.6729924,Base Imperial Fm
1.096201362,0.8,0.656482714,Base Imperial Fm
1.176236622,0.8,0.637914505,Base Imperial Fm
0.947843318,0.8,0.576478124,Base Imperial Fm
1.035686897,0.8,0.588726431,Base Imperial Fm
1.131338793,0.8,0.586583112,Base Imperial Fm
1.22699069,0.8,0.58649471,Base Imperial Fm
1.334355063,0.8,0.592560228,Base Imperial Fm
1.416342403,0.8,0.604813948,Base Imperial Fm
1.51004222,0.8,0.600617518,Base Imperial Fm
1.59202956,0.8,0.596431913,Base Imperial Fm
1.699393934,0.8,0.612772009,Base Imperial Fm
1.779429194,0.8,0.616807871,Base Imperial Fm
1.861416534,0.8,0.616732097,Base Imperial Fm
1.95706843,0.8,0.616643694,Base Imperial Fm
0.04598258,0.2,0.758144201,Top Hume Fm
0.116257443,0.2,0.803287393,Top Hume Fm
0.186532306,0.2,0.844320754,Top Hume Fm
0.264615486,0.2,0.860687912,Top Hume Fm
0.340746588,0.2,0.862672466,Top Hume Fm
0.41102145,0.2,0.835893616,Top Hume Fm
0.418829769,0.2,0.766019272,Top Hume Fm
0.502769188,0.2,0.792655596,Top Hume Fm
0.586708607,0.2,0.811072257,Top Hume Fm
0.660887629,0.2,0.804838953,Top Hume Fm
0.742874969,0.2,0.778049278,Top Hume Fm
0.799485275,0.2,0.749228141,Top Hume Fm
0.621846039,0.2,0.661030951,Top Hume Fm
0.709689617,0.2,0.667114511,Top Hume Fm
0.817053991,0.2,0.664960368,Top Hume Fm
0.916610046,0.2,0.648429033,Top Hume Fm
0.996645306,0.2,0.629860824,Top Hume Fm
0.897089251,0.2,0.541591468,Top Hume Fm
1.004453625,0.2,0.543547156,Top Hume Fm
1.129386714,0.2,0.545486607,Top Hume Fm
1.256271883,0.2,0.549479168,Top Hume Fm
1.371444574,0.2,0.559647302,Top Hume Fm
1.47100063,0.2,0.565720037,Top Hume Fm
1.59202956,0.2,0.563553265,Top Hume Fm
1.79504583,0.2,0.581859874,Top Hume Fm
1.908266442,0.2,0.579700318,Top Hume Fm
1.984397544,0.2,0.581684872,Top Hume Fm
0.04598258,0.5,0.758144201,Top Hume Fm
0.116257443,0.5,0.803287393,Top Hume Fm
0.186532306,0.5,0.844320754,Top Hume Fm
0.264615486,0.5,0.860687912,Top Hume Fm
0.340746588,0.5,0.862672466,Top Hume Fm
0.41102145,0.5,0.835893616,Top Hume Fm
0.418829769,0.5,0.766019272,Top Hume Fm
0.502769188,0.5,0.792655596,Top Hume Fm
0.586708607,0.5,0.811072257,Top Hume Fm
0.660887629,0.5,0.804838953,Top Hume Fm
0.742874969,0.5,0.778049278,Top Hume Fm
0.799485275,0.5,0.749228141,Top Hume Fm
0.621846039,0.5,0.661030951,Top Hume Fm
0.709689617,0.5,0.667114511,Top Hume Fm
0.817053991,0.5,0.664960368,Top Hume Fm
0.916610046,0.5,0.648429033,Top Hume Fm
0.996645306,0.5,0.629860824,Top Hume Fm
0.897089251,0.5,0.541591468,Top Hume Fm
1.004453625,0.5,0.543547156,Top Hume Fm
1.129386714,0.5,0.545486607,Top Hume Fm
1.256271883,0.5,0.549479168,Top Hume Fm
1.371444574,0.5,0.559647302,Top Hume Fm
1.47100063,0.5,0.565720037,Top Hume Fm
1.59202956,0.5,0.563553265,Top Hume Fm
1.79504583,0.5,0.581859874,Top Hume Fm
1.908266442,0.5,0.579700318,Top Hume Fm
1.984397544,0.5,0.581684872,Top Hume Fm
0.04598258,0.8,0.758144201,Top Hume Fm
0.116257443,0.8,0.803287393,Top Hume Fm
0.186532306,0.8,0.844320754,Top Hume Fm
0.264615486,0.8,0.860687912,Top Hume Fm
0.340746588,0.8,0.862672466,Top Hume Fm
0.41102145,0.8,0.835893616,Top Hume Fm
0.418829769,0.8,0.766019272,Top Hume Fm
0.502769188,0.8,0.792655596,Top Hume Fm
0.586708607,0.8,0.811072257,Top Hume Fm
0.660887629,0.8,0.804838953,Top Hume Fm
0.742874969,0.8,0.778049278,Top Hume Fm
0.799485275,0.8,0.749228141,Top Hume Fm
0.621846039,0.8,0.661030951,Top Hume Fm
0.709689617,0.8,0.667114511,Top Hume Fm
0.817053991,0.8,0.664960368,Top Hume Fm
0.916610046,0.8,0.648429033,Top Hume Fm
0.996645306,0.8,0.629860824,Top Hume Fm
0.897089251,0.8,0.541591468,Top Hume Fm
1.004453625,0.8,0.543547156,Top Hume Fm
1.129386714,0.8,0.545486607,Top Hume Fm
1.256271883,0.8,0.549479168,Top Hume Fm
1.371444574,0.8,0.559647302,Top Hume Fm
1.47100063,0.8,0.565720037,Top Hume Fm
1.59202956,0.8,0.563553265,Top Hume Fm
1.79504583,0.8,0.581859874,Top Hume Fm
1.908266442,0.8,0.579700318,Top Hume Fm
1.984397544,0.8,0.581684872,Top Hume Fm
0.014749308,0.2,0.626658475,Top Proterozoic
0.083072091,0.2,0.64508957,Top Proterozoic
0.147490715,0.2,0.679963597,Top Proterozoic
0.217765578,0.2,0.723051873,Top Proterozoic
0.295848759,0.2,0.747638694,Top Proterozoic
0.346602826,0.2,0.739372124,Top Proterozoic
0.284136282,0.2,0.63257425,Top Proterozoic
0.37197986,0.2,0.644822557,Top Proterozoic
0.461775518,0.2,0.65706906,Top Proterozoic
0.557427414,0.2,0.667255234,Top Proterozoic
0.379788178,0.2,0.529740072,Top Proterozoic
0.459823438,0.2,0.529666103,Top Proterozoic
0.543762858,0.2,0.529588525,Top Proterozoic
0.608181482,0.2,0.539803565,Top Proterozoic
0.645270993,0.2,0.391815371,Top Proterozoic
0.762395764,0.2,0.391707122,Top Proterozoic
0.887328853,0.2,0.397756404,Top Proterozoic
0.998597386,0.2,0.399708483,Top Proterozoic
1.113770078,0.2,0.407821701,Top Proterozoic
1.232846928,0.2,0.413876395,Top Proterozoic
1.357780018,0.2,0.436365001,Top Proterozoic
1.474904789,0.2,0.448586245,Top Proterozoic
1.597885799,0.2,0.454637331,Top Proterozoic
1.720866808,0.2,0.450413839,Top Proterozoic
1.855560295,0.2,0.448234438,Top Proterozoic
1.964876748,0.2,0.456353068,Top Proterozoic
0.014749308,0.5,0.626658475,Top Proterozoic
0.083072091,0.5,0.64508957,Top Proterozoic
0.147490715,0.5,0.679963597,Top Proterozoic
0.217765578,0.5,0.723051873,Top Proterozoic
0.295848759,0.5,0.747638694,Top Proterozoic
0.346602826,0.5,0.739372124,Top Proterozoic
0.284136282,0.5,0.63257425,Top Proterozoic
0.37197986,0.5,0.644822557,Top Proterozoic
0.461775518,0.5,0.65706906,Top Proterozoic
0.557427414,0.5,0.667255234,Top Proterozoic
0.379788178,0.5,0.529740072,Top Proterozoic
0.459823438,0.5,0.529666103,Top Proterozoic
0.543762858,0.5,0.529588525,Top Proterozoic
0.608181482,0.5,0.539803565,Top Proterozoic
0.645270993,0.5,0.391815371,Top Proterozoic
0.762395764,0.5,0.391707122,Top Proterozoic
0.887328853,0.5,0.397756404,Top Proterozoic
0.998597386,0.5,0.399708483,Top Proterozoic
1.113770078,0.5,0.407821701,Top Proterozoic
1.232846928,0.5,0.413876395,Top Proterozoic
1.357780018,0.5,0.436365001,Top Proterozoic
1.474904789,0.5,0.448586245,Top Proterozoic
1.597885799,0.5,0.454637331,Top Proterozoic
1.720866808,0.5,0.450413839,Top Proterozoic
1.855560295,0.5,0.448234438,Top Proterozoic
1.964876748,0.5,0.456353068,Top Proterozoic
0.014749308,0.8,0.626658475,Top Proterozoic
0.083072091,0.8,0.64508957,Top Proterozoic
0.147490715,0.8,0.679963597,Top Proterozoic
0.217765578,0.8,0.723051873,Top Proterozoic
0.295848759,0.8,0.747638694,Top Proterozoic
0.346602826,0.8,0.739372124,Top Proterozoic
0.284136282,0.8,0.63257425,Top Proterozoic
0.37197986,0.8,0.644822557,Top Proterozoic
0.461775518,0.8,0.65706906,Top Proterozoic
0.557427414,0.8,0.667255234,Top Proterozoic
0.379788178,0.8,0.529740072,Top Proterozoic
0.459823438,0.8,0.529666103,Top Proterozoic
0.543762858,0.8,0.529588525,Top Proterozoic
0.608181482,0.8,0.539803565,Top Proterozoic
0.645270993,0.8,0.391815371,Top Proterozoic
0.762395764,0.8,0.391707122,Top Proterozoic
0.887328853,0.8,0.397756404,Top Proterozoic
0.998597386,0.8,0.399708483,Top Proterozoic
1.113770078,0.8,0.407821701,Top Proterozoic
1.232846928,0.8,0.413876395,Top Proterozoic
1.357780018,0.8,0.436365001,Top Proterozoic
1.474904789,0.8,0.448586245,Top Proterozoic
1.597885799,0.8,0.454637331,Top Proterozoic
1.720866808,0.8,0.450413839,Top Proterozoic
1.855560295,0.8,0.448234438,Top Proterozoic
1.964876748,0.8,0.456353068,Top Proterozoic
0.01404741,0.2,0.486123801,fault1
0.077260755,0.2,0.513791811,fault1
0.142230026,0.2,0.550700342,fault1
0.200175593,0.2,0.598705938,fault1
0.256365233,0.2,0.644864727,fault1
0.316066725,0.2,0.689171842,fault1
0.363476734,0.2,0.737187175,fault1
0.417910448,0.2,0.798135018,fault1
0.46356453,0.2,0.849848831,fault1
0.51975417,0.2,0.907098194,fault1
0.01404741,0.5,0.486123801,fault1
0.077260755,0.5,0.513791811,fault1
0.142230026,0.5,0.550700342,fault1
0.200175593,0.5,0.598705938,fault1
0.256365233,0.5,0.644864727,fault1
0.316066725,0.5,0.689171842,fault1
0.363476734,0.5,0.737187175,fault1
0.417910448,0.5,0.798135018,fault1
0.46356453,0.5,0.849848831,fault1
0.51975417,0.5,0.907098194,fault1
0.01404741,0.8,0.486123801,fault1
0.077260755,0.8,0.513791811,fault1
0.142230026,0.8,0.550700342,fault1
0.200175593,0.8,0.598705938,fault1
0.256365233,0.8,0.644864727,fault1
0.316066725,0.8,0.689171842,fault1
0.363476734,0.8,0.737187175,fault1
0.417910448,0.8,0.798135018,fault1
0.46356453,0.8,0.849848831,fault1
0.51975417,0.8,0.907098194,fault1
0.010535558,0.2,0.414038322,fault2
0.093064091,0.2,0.434294765,fault2
0.177348551,0.2,0.46379173,fault2
0.261633011,0.2,0.502530838,fault2
0.354697103,0.2,0.541261833,fault2
0.444249342,0.2,0.592935075,fault2
0.537313433,0.2,0.637211355,fault2
0.612818262,0.2,0.675958578,fault2
0.714661984,0.2,0.716529887,fault2
0.811237928,0.2,0.73307649,fault2
0.010535558,0.5,0.414038322,fault2
0.093064091,0.5,0.434294765,fault2
0.177348551,0.5,0.46379173,fault2
0.261633011,0.5,0.502530838,fault2
0.354697103,0.5,0.541261833,fault2
0.444249342,0.5,0.592935075,fault2
0.537313433,0.5,0.637211355,fault2
0.612818262,0.5,0.675958578,fault2
0.714661984,0.5,0.716529887,fault2
0.811237928,0.5,0.73307649,fault2
0.010535558,0.8,0.414038322,fault2
0.093064091,0.8,0.434294765,fault2
0.177348551,0.8,0.46379173,fault2
0.261633011,0.8,0.502530838,fault2
0.354697103,0.8,0.541261833,fault2
0.444249342,0.8,0.592935075,fault2
0.537313433,0.8,0.637211355,fault2
0.612818262,0.8,0.675958578,fault2
0.714661984,0.8,0.716529887,fault2
0.811237928,0.8,0.73307649,fault2
0.012291484,0.2,0.329008973,fault3
0.110623354,0.2,0.34925081,fault3
0.22475856,0.2,0.386113902,fault3
0.330114135,0.2,0.426681965,fault3
0.453028973,0.2,0.465385371,fault3
0.556628622,0.2,0.504106628,fault3
0.649692713,0.2,0.537292336,fault3
0.755048288,0.2,0.563072968,fault3
0.858647937,0.2,0.585158366,fault3
0.962247586,0.2,0.609092193,fault3
1.060579456,0.2,0.618243457,fault3
1.162423178,0.2,0.623694618,fault3
1.267778753,0.2,0.629142533,fault3
1.357330992,0.2,0.636453483,fault3
1.476733977,0.2,0.65113056,fault3
0.012291484,0.5,0.329008973,fault3
0.110623354,0.5,0.34925081,fault3
0.22475856,0.5,0.386113902,fault3
0.330114135,0.5,0.426681965,fault3
0.453028973,0.5,0.465385371,fault3
0.556628622,0.5,0.504106628,fault3
0.649692713,0.5,0.537292336,fault3
0.755048288,0.5,0.563072968,fault3
0.858647937,0.5,0.585158366,fault3
0.962247586,0.5,0.609092193,fault3
1.060579456,0.5,0.618243457,fault3
1.162423178,0.5,0.623694618,fault3
1.267778753,0.5,0.629142533,fault3
1.357330992,0.5,0.636453483,fault3
1.476733977,0.5,0.65113056,fault3
0.012291484,0.8,0.329008973,fault3
0.110623354,0.8,0.34925081,fault3
0.22475856,0.8,0.386113902,fault3
0.330114135,0.8,0.426681965,fault3
0.453028973,0.8,0.465385371,fault3
0.556628622,0.8,0.504106628,fault3
0.649692713,0.8,0.537292336,fault3
0.755048288,0.8,0.563072968,fault3
0.858647937,0.8,0.585158366,fault3
0.962247586,0.8,0.609092193,fault3
1.060579456,0.8,0.618243457,fault3
1.162423178,0.8,0.623694618,fault3
1.267778753,0.8,0.629142533,fault3
1.357330992,0.8,0.636453483,fault3
1.476733977,0.8,0.65113056,fault3
0.231782265,0.2,0.994240497,fault4
0.330114135,0.2,0.975665329,fault4
0.405618964,0.2,0.951565971,fault4
0.502194908,0.2,0.925598711,fault4
0.591747147,0.2,0.903334799,fault4
0.679543459,0.2,0.881072511,fault4
0.762071993,0.2,0.845876089,fault4
0.853380158,0.2,0.812519981,fault4
0.930640913,0.2,0.764389426,fault4
1.023705004,0.2,0.729183267,fault4
1.134328358,0.2,0.695809308,fault4
1.223880597,0.2,0.679090683,fault4
1.316944688,0.2,0.669762528,fault4
1.417032485,0.2,0.664124739,fault4
1.538191396,0.2,0.656619047,fault4
1.624231782,0.2,0.665781671,fault4
1.727831431,0.2,0.678624925,fault4
1.826163301,0.2,0.693321476,fault4
1.920983319,0.2,0.693233842,fault4
1.992976295,0.2,0.695015734,fault4
0.231782265,0.5,0.994240497,fault4
0.330114135,0.5,0.975665329,fault4
0.405618964,0.5,0.951565971,fault4
0.502194908,0.5,0.925598711,fault4
0.591747147,0.5,0.903334799,fault4
0.679543459,0.5,0.881072511,fault4
0.762071993,0.5,0.845876089,fault4
0.853380158,0.5,0.812519981,fault4
0.930640913,0.5,0.764389426,fault4
1.023705004,0.5,0.729183267,fault4
1.134328358,0.5,0.695809308,fault4
1.223880597,0.5,0.679090683,fault4
1.316944688,0.5,0.669762528,fault4
1.417032485,0.5,0.664124739,fault4
1.538191396,0.5,0.656619047,fault4
1.624231782,0.5,0.665781671,fault4
1.727831431,0.5,0.678624925,fault4
1.826163301,0.5,0.693321476,fault4
1.920983319,0.5,0.693233842,fault4
1.992976295,0.5,0.695015734,fault4
0.231782265,0.8,0.994240497,fault4
0.330114135,0.8,0.975665329,fault4
0.405618964,0.8,0.951565971,fault4
0.502194908,0.8,0.925598711,fault4
0.591747147,0.8,0.903334799,fault4
0.679543459,0.8,0.881072511,fault4
0.762071993,0.8,0.845876089,fault4
0.853380158,0.8,0.812519981,fault4
0.930640913,0.8,0.764389426,fault4
1.023705004,0.8,0.729183267,fault4
1.134328358,0.8,0.695809308,fault4
1.223880597,0.8,0.679090683,fault4
1.316944688,0.8,0.669762528,fault4
1.417032485,0.8,0.664124739,fault4
1.538191396,0.8,0.656619047,fault4
1.624231782,0.8,0.665781671,fault4
1.727831431,0.8,0.678624925,fault4
1.826163301,0.8,0.693321476,fault4
1.920983319,0.8,0.693233842,fault4
1.992976295,0.8,0.695015734,fault4
1.45215101,0.2,0.85817731,fault5
1.50834065,0.2,0.824853659,fault5
1.575065847,0.2,0.785974985,fault5
1.654082529,0.2,0.747084951,fault5
1.73309921,0.2,0.734072921,fault5
1.827919227,0.2,0.715500999,fault5
1.910447761,0.2,0.702485723,fault5
1.98595259,0.2,0.693173796,fault5
1.45215101,0.5,0.85817731,fault5
1.50834065,0.5,0.824853659,fault5
1.575065847,0.5,0.785974985,fault5
1.654082529,0.5,0.747084951,fault5
1.73309921,0.5,0.734072921,fault5
1.827919227,0.5,0.715500999,fault5
1.910447761,0.5,0.702485723,fault5
1.98595259,0.5,0.693173796,fault5
1.45215101,0.8,0.85817731,fault5
1.50834065,0.8,0.824853659,fault5
1.575065847,0.8,0.785974985,fault5
1.654082529,0.8,0.747084951,fault5
1.73309921,0.8,0.734072921,fault5
1.827919227,0.8,0.715500999,fault5
1.910447761,0.8,0.702485723,fault5
1.98595259,0.8,0.693173796,fault5
